Workbook

Sheet 연간시즌표
B2: ■'26년도 시즌
B4: 합계 | C4: 25년 | M4: 26년
C5: 3월 | D5: 4월 | E5: 5월 | F5: 6월 | G5: 7월 | H5: 8월 | I5: 9월 | J5: 10월 | K5: 11월 | L5: 12월 | M5: 1월 | N5: 2월
B6: 연휴 및성수기 | C6: 3.1(일) | E6: 5.1(금)-5.4(월) 5.22(금)-5.24(일) | F6: 6.5(금)-6.6(토) | G6: 여름성수기7.17(금)-7.31(금) | H6: 여름성수기8.1(토)-8.22(토) | I6: 9.23(수)-9.26(토) | J6: 10.2(금)-10.4(일) 10.8(목)-10.10(토) | L6: 12.24(목)-12.26(토) 12.31(목) | M6: 1.1(금)-1.2(토) | N6: 2.5(금)-2.8(월)
C7: 3.1절 연휴 | E7: 어린이날 연휴 석가탄신일 연휴 | F7: 현충일연휴 | G7: 여름 성수기 | I7: 추석연휴 | J7: 개천절연휴 한글날 연휴 | L7: 겨울성수기
B8: 준주말 | G8: 7.16(목) | O8: * 공휴일 전일 준주말 적용
B10: 3월
B12: 구분 | C12: 46082 | D12: 46083 | E12: 46084 | F12: 46085 | G12: 46086 | H12: 46087 | I12: 46088 | J12: 46089 | K12: 46090 | L12: 46091 | M12: 46092 | N12: 46093 | O12: 46094 | P12: 46095 | Q12: 46096 | R12: 46097 | S12: 46098 | T12: 46099 | U12: 46100 | V12: 46101 | W12: 46102 | X12: 46103 | Y12: 46104 | Z12: 46105 | AA12: 46106 | AB12: 46107 | AC12: 46108 | AD12: 46109 | AE12: 46110 | AF12: 46111 | AG12: 46112
C13: =C12 -> 46082 | D13: =D12 -> 46083 | E13: =E12 -> 46084 | F13: =F12 -> 46085 | G13: =G12 -> 46086 | H13: =H12 -> 46087 | I13: =I12 -> 46088 | J13: =J12 -> 46089 | ... AG13: =AG12 -> 46112
B14: 쏘라노 | C14: ='3월(무기명)'!D4 -> 봄 극성수기 연휴 | D14: ='3월(무기명)'!E4 -> 봄 비수기 월요일 | E14: ='3월(무기명)'!F4 -> 봄 비수기 화요일 | F14: ='3월(무기명)'!G4 -> 봄 비수기 수요일 | G14: ='3월(무기명)'!H4 -> 봄 비수기 목요일 | H14: ='3월(무기명)'!I4 -> 봄 비수기 준주말 | I14: ='3월(무기명)'!J4 -> 봄 비수기 주말 | J14: ='3월(무기명)'!K4 -> 봄 비수기 일요일 | ... AG14: ='3월(무기명)'!AH4 -> 봄 비수기 화요일
B15: 설악별관 | C15: =C14 -> 봄 극성수기 연휴 | D15: =D14 -> 봄 비수기 월요일 | E15: =E14 -> 봄 비수기 화요일 | F15: =F14 -> 봄 비수기 수요일 | G15: =G14 -> 봄 비수기 목요일 | H15: =H14 -> 봄 비수기 준주말 | I15: =I14 -> 봄 비수기 주말 | J15: =J14 -> 봄 비수기 일요일 | ... AG15: =AG14 -> 봄 비수기 화요일
B16: 용인 | C16: =C15 -> 봄 극성수기 연휴 | D16: =D15 -> 봄 비수기 월요일 | E16: =E15 -> 봄 비수기 화요일 | F16: =F15 -> 봄 비수기 수요일 | G16: =G15 -> 봄 비수기 목요일 | H16: =H15 -> 봄 비수기 준주말 | I16: =I15 -> 봄 비수기 주말 | J16: =J15 -> 봄 비수기 일요일 | ... AG16: =AG15 -> 봄 비수기 화요일
B17: 산정호수 | C17: =C16 -> 봄 극성수기 연휴 | D17: =D16 -> 봄 비수기 월요일 | E17: =E16 -> 봄 비수기 화요일 | F17: =F16 -> 봄 비수기 수요일 | G17: =G16 -> 봄 비수기 목요일 | H17: =H16 -> 봄 비수기 준주말 | I17: =I16 -> 봄 비수기 주말 | J17: =J16 -> 봄 비수기 일요일 | ... AG17: =AG16 -> 봄 비수기 화요일
B18: 해운대 | C18: =C17 -> 봄 극성수기 연휴 | D18: =D17 -> 봄 비수기 월요일 | E18: =E17 -> 봄 비수기 화요일 | F18: =F17 -> 봄 비수기 수요일 | G18: =G17 -> 봄 비수기 목요일 | H18: =H17 -> 봄 비수기 준주말 | I18: =I17 -> 봄 비수기 주말 | J18: =J17 -> 봄 비수기 일요일 | ... AG18: =AG17 -> 봄 비수기 화요일
B19: 대천 | C19: =C18 -> 봄 극성수기 연휴 | D19: =D18 -> 봄 비수기 월요일 | E19: =E18 -> 봄 비수기 화요일 | F19: =F18 -> 봄 비수기 수요일 | G19: =G18 -> 봄 비수기 목요일 | H19: =H18 -> 봄 비수기 준주말 | I19: =I18 -> 봄 비수기 주말 | J19: =J18 -> 봄 비수기 일요일 | ... AG19: =AG18 -> 봄 비수기 화요일
B20: 경주 | C20: =C19 -> 봄 극성수기 연휴 | D20: =D19 -> 봄 비수기 월요일 | E20: =E19 -> 봄 비수기 화요일 | F20: =F19 -> 봄 비수기 수요일 | G20: =G19 -> 봄 비수기 목요일 | H20: =H19 -> 봄 비수기 준주말 | I20: =I19 -> 봄 비수기 주말 | J20: =J19 -> 봄 비수기 일요일 | ... AG20: =AG19 -> 봄 비수기 화요일
B21: 제주 | C21: =C20 -> 봄 극성수기 연휴 | D21: =D20 -> 봄 비수기 월요일 | E21: =E20 -> 봄 비수기 화요일 | F21: =F20 -> 봄 비수기 수요일 | G21: =G20 -> 봄 비수기 목요일 | H21: =H20 -> 봄 비수기 준주말 | I21: =I20 -> 봄 비수기 주말 | J21: =J20 -> 봄 비수기 일요일 | ... AG21: =AG20 -> 봄 비수기 화요일
B22: 평창 | C22: =C21 -> 봄 극성수기 연휴 | D22: =D21 -> 봄 비수기 월요일 | E22: =E21 -> 봄 비수기 화요일 | F22: =F21 -> 봄 비수기 수요일 | G22: =G21 -> 봄 비수기 목요일 | H22: =H21 -> 봄 비수기 준주말 | I22: =I21 -> 봄 비수기 주말 | J22: =J21 -> 봄 비수기 일요일 | ... AG22: =AG21 -> 봄 비수기 화요일
B23: 벨버디어 | C23: =C22 -> 봄 극성수기 연휴 | D23: =D22 -> 봄 비수기 월요일 | E23: =E22 -> 봄 비수기 화요일 | F23: =F22 -> 봄 비수기 수요일 | G23: =G22 -> 봄 비수기 목요일 | H23: =H22 -> 봄 비수기 준주말 | I23: =I22 -> 봄 비수기 주말 | J23: =J22 -> 봄 비수기 일요일 | ... AG23: =AG22 -> 봄 비수기 화요일
B24: 르 씨엘 | C24: =C23 -> 봄 극성수기 연휴 | D24: =D23 -> 봄 비수기 월요일 | E24: =E23 -> 봄 비수기 화요일 | F24: =F23 -> 봄 비수기 수요일 | G24: =G23 -> 봄 비수기 목요일 | H24: =H23 -> 봄 비수기 준주말 | I24: =I23 -> 봄 비수기 주말 | J24: =J23 -> 봄 비수기 일요일 | ... AG24: =AG23 -> 봄 비수기 화요일
B25: 여수 벨메르 | C25: =C24 -> 봄 극성수기 연휴 | D25: =D24 -> 봄 비수기 월요일 | E25: =E24 -> 봄 비수기 화요일 | F25: =F24 -> 봄 비수기 수요일 | G25: =G24 -> 봄 비수기 목요일 | H25: =H24 -> 봄 비수기 준주말 | I25: =I24 -> 봄 비수기 주말 | J25: =J24 -> 봄 비수기 일요일 | ... AG25: =AG24 -> 봄 비수기 화요일
B27: 4월
B29: 구분 | C29: 46113 | D29: 46114 | E29: 46115 | F29: 46116 | G29: 46117 | H29: 46118 | I29: 46119 | J29: 46120 | K29: 46121 | L29: 46122 | M29: 46123 | N29: 46124 | O29: 46125 | P29: 46126 | Q29: 46127 | R29: 46128 | S29: 46129 | T29: 46130 | U29: 46131 | V29: 46132 | W29: 46133 | X29: 46134 | Y29: 46135 | Z29: 46136 | AA29: 46137 | AB29: 46138 | AC29: 46139 | AD29: 46140 | AE29: 46141 | AF29: 46142
C30: =C29 -> 46113 | D30: =D29 -> 46114 | E30: =E29 -> 46115 | F30: =F29 -> 46116 | G30: =G29 -> 46117 | H30: =H29 -> 46118 | I30: =I29 -> 46119 | J30: =J29 -> 46120 | ... AF30: =AF29 -> 46142
B31: 쏘라노 | C31: ='4월(무기명)'!D21 -> 봄 비수기 수요일 | D31: ='4월(무기명)'!E21 -> 봄 비수기 목요일 | E31: ='4월(무기명)'!F21 -> 봄 비수기 준주말 | F31: ='4월(무기명)'!G21 -> 봄 비수기 주말 | G31: ='4월(무기명)'!H21 -> 봄 비수기 일요일 | H31: ='4월(무기명)'!I21 -> 봄 비수기 월요일 | I31: ='4월(무기명)'!J21 -> 봄 비수기 화요일 | J31: ='4월(무기명)'!K21 -> 봄 비수기 수요일 | ... AF31: ='4월(무기명)'!AG21 -> 봄 비수기 목요일
B32: 설악별관 | C32: =C31 -> 봄 비수기 수요일 | D32: =D31 -> 봄 비수기 목요일 | E32: =E31 -> 봄 비수기 준주말 | F32: =F31 -> 봄 비수기 주말 | G32: =G31 -> 봄 비수기 일요일 | H32: =H31 -> 봄 비수기 월요일 | I32: =I31 -> 봄 비수기 화요일 | J32: =J31 -> 봄 비수기 수요일 | ... AF32: =AF31 -> 봄 비수기 목요일
B33: 용인 | C33: =C32 -> 봄 비수기 수요일 | D33: =D32 -> 봄 비수기 목요일 | E33: =E32 -> 봄 비수기 준주말 | F33: =F32 -> 봄 비수기 주말 | G33: =G32 -> 봄 비수기 일요일 | H33: =H32 -> 봄 비수기 월요일 | I33: =I32 -> 봄 비수기 화요일 | J33: =J32 -> 봄 비수기 수요일 | ... AF33: =AF32 -> 봄 비수기 목요일
B34: 산정호수 | C34: =C33 -> 봄 비수기 수요일 | D34: =D33 -> 봄 비수기 목요일 | E34: =E33 -> 봄 비수기 준주말 | F34: =F33 -> 봄 비수기 주말 | G34: =G33 -> 봄 비수기 일요일 | H34: =H33 -> 봄 비수기 월요일 | I34: =I33 -> 봄 비수기 화요일 | J34: =J33 -> 봄 비수기 수요일 | ... AF34: =AF33 -> 봄 비수기 목요일
B35: 해운대 | C35: =C34 -> 봄 비수기 수요일 | D35: =D34 -> 봄 비수기 목요일 | E35: =E34 -> 봄 비수기 준주말 | F35: =F34 -> 봄 비수기 주말 | G35: =G34 -> 봄 비수기 일요일 | H35: =H34 -> 봄 비수기 월요일 | I35: =I34 -> 봄 비수기 화요일 | J35: =J34 -> 봄 비수기 수요일 | ... AF35: =AF34 -> 봄 비수기 목요일
B36: 대천 | C36: =C35 -> 봄 비수기 수요일 | D36: =D35 -> 봄 비수기 목요일 | E36: =E35 -> 봄 비수기 준주말 | F36: =F35 -> 봄 비수기 주말 | G36: =G35 -> 봄 비수기 일요일 | H36: =H35 -> 봄 비수기 월요일 | I36: =I35 -> 봄 비수기 화요일 | J36: =J35 -> 봄 비수기 수요일 | ... AF36: =AF35 -> 봄 비수기 목요일
B37: 경주 | C37: =C36 -> 봄 비수기 수요일 | D37: =D36 -> 봄 비수기 목요일 | E37: =E36 -> 봄 비수기 준주말 | F37: =F36 -> 봄 비수기 주말 | G37: =G36 -> 봄 비수기 일요일 | H37: =H36 -> 봄 비수기 월요일 | I37: =I36 -> 봄 비수기 화요일 | J37: =J36 -> 봄 비수기 수요일 | ... AF37: =AF36 -> 봄 비수기 목요일
B38: 제주 | C38: =C37 -> 봄 비수기 수요일 | D38: =D37 -> 봄 비수기 목요일 | E38: =E37 -> 봄 비수기 준주말 | F38: =F37 -> 봄 비수기 주말 | G38: =G37 -> 봄 비수기 일요일 | H38: =H37 -> 봄 비수기 월요일 | I38: =I37 -> 봄 비수기 화요일 | J38: =J37 -> 봄 비수기 수요일 | ... AF38: =AF37 -> 봄 비수기 목요일
B39: 평창 | C39: =C38 -> 봄 비수기 수요일 | D39: =D38 -> 봄 비수기 목요일 | E39: =E38 -> 봄 비수기 준주말 | F39: =F38 -> 봄 비수기 주말 | G39: =G38 -> 봄 비수기 일요일 | H39: =H38 -> 봄 비수기 월요일 | I39: =I38 -> 봄 비수기 화요일 | J39: =J38 -> 봄 비수기 수요일 | ... AF39: =AF38 -> 봄 비수기 목요일
B40: 벨버디어 | C40: =C39 -> 봄 비수기 수요일 | D40: =D39 -> 봄 비수기 목요일 | E40: =E39 -> 봄 비수기 준주말 | F40: =F39 -> 봄 비수기 주말 | G40: =G39 -> 봄 비수기 일요일 | H40: =H39 -> 봄 비수기 월요일 | I40: =I39 -> 봄 비수기 화요일 | J40: =J39 -> 봄 비수기 수요일 | ... AF40: =AF39 -> 봄 비수기 목요일
B41: 르 씨엘 | C41: =C40 -> 봄 비수기 수요일 | D41: =D40 -> 봄 비수기 목요일 | E41: =E40 -> 봄 비수기 준주말 | F41: =F40 -> 봄 비수기 주말 | G41: =G40 -> 봄 비수기 일요일 | H41: =H40 -> 봄 비수기 월요일 | I41: =I40 -> 봄 비수기 화요일 | J41: =J40 -> 봄 비수기 수요일 | ... AF41: =AF40 -> 봄 비수기 목요일
B42: 여수 벨메르 | C42: =C41 -> 봄 비수기 수요일 | D42: =D41 -> 봄 비수기 목요일 | E42: =E41 -> 봄 비수기 준주말 | F42: =F41 -> 봄 비수기 주말 | G42: =G41 -> 봄 비수기 일요일 | H42: =H41 -> 봄 비수기 월요일 | I42: =I41 -> 봄 비수기 화요일 | J42: =J41 -> 봄 비수기 수요일 | ... AF42: =AF41 -> 봄 비수기 목요일
B44: 5월
B46: 구분 | C46: 46143 | D46: 46144 | E46: 46145 | F46: 46146 | G46: 46147 | H46: 46148 | I46: 46149 | J46: 46150 | K46: 46151 | L46: 46152 | M46: 46153 | N46: 46154 | O46: 46155 | P46: 46156 | Q46: 46157 | R46: 46158 | S46: 46159 | T46: 46160 | U46: 46161 | V46: 46162 | W46: 46163 | X46: 46164 | Y46: 46165 | Z46: 46166 | AA46: 46167 | AB46: 46168 | AC46: 46169 | AD46: 46170 | AE46: 46171 | AF46: 46172 | AG46: 46173
C47: 46143 | D47: 46144 | E47: 46145 | F47: 46146 | G47: 46147 | H47: 46148 | I47: 46149 | J47: 46150 | K47: 46151 | L47: 46152 | M47: 46153 | N47: 46154 | O47: 46155 | P47: 46156 | Q47: 46157 | R47: 46158 | S47: 46159 | T47: 46160 | U47: 46161 | V47: 46162 | W47: 46163 | X47: 46164 | Y47: 46165 | Z47: 46166 | AA47: 46167 | AB47: 46168 | AC47: 46169 | AD47: 46170 | AE47: 46171 | AF47: 46172 | AG47: 일
B48: 쏘라노 | C48: 봄 극성수기 연휴 | D48: 봄 극성수기 연휴 | E48: 봄 극성수기 연휴 | F48: 봄 극성수기 연휴 | G48: 봄 비수기 화요일 | H48: 봄 비수기 수요일 | I48: 봄 비수기 목요일 | J48: 봄 비수기 준주말 | K48: 봄 비수기 주말 | L48: 봄 비수기 일요일 | M48: 봄 비수기 월요일 | N48: 봄 비수기 화요일 | O48: 봄 비수기 수요일 | P48: 봄 비수기 목요일 | Q48: 봄 비수기 준주말 | R48: 봄 비수기 주말 | S48: 봄 비수기 일요일 | T48: 봄 비수기 월요일 | U48: 봄 비수기 화요일 | V48: 봄 비수기 수요일 | W48: 봄 비수기 목요일 | X48: 봄 극성수기 연휴 | Y48: 봄 극성수기 연휴 | Z48: 봄 극성수기 연휴 | AA48: 봄 비수기 월요일 | AB48: 봄 비수기 화요일 | AC48: 봄 비수기 수요일 | AD48: 봄 비수기 목요일 | AE48: 봄 비수기 준주말 | AF48: 봄 비수기 주말 | AG48: 봄 비수기 일요일
B49: 설악별관 | C49: =C48 -> 봄 극성수기 연휴 | D49: =D48 -> 봄 극성수기 연휴 | E49: =E48 -> 봄 극성수기 연휴 | F49: =F48 -> 봄 극성수기 연휴 | G49: =G48 -> 봄 비수기 화요일 | H49: =H48 -> 봄 비수기 수요일 | I49: =I48 -> 봄 비수기 목요일 | J49: =J48 -> 봄 비수기 준주말 | ... AG49: =AG48 -> 봄 비수기 일요일
B50: 용인 | C50: =C49 -> 봄 극성수기 연휴 | D50: =D49 -> 봄 극성수기 연휴 | E50: =E49 -> 봄 극성수기 연휴 | F50: =F49 -> 봄 극성수기 연휴 | G50: =G49 -> 봄 비수기 화요일 | H50: =H49 -> 봄 비수기 수요일 | I50: =I49 -> 봄 비수기 목요일 | J50: =J49 -> 봄 비수기 준주말 | ... AG50: =AG49 -> 봄 비수기 일요일
B51: 산정호수 | C51: =C50 -> 봄 극성수기 연휴 | D51: =D50 -> 봄 극성수기 연휴 | E51: =E50 -> 봄 극성수기 연휴 | F51: =F50 -> 봄 극성수기 연휴 | G51: =G50 -> 봄 비수기 화요일 | H51: =H50 -> 봄 비수기 수요일 | I51: =I50 -> 봄 비수기 목요일 | J51: =J50 -> 봄 비수기 준주말 | ... AG51: =AG50 -> 봄 비수기 일요일
B52: 해운대 | C52: =C51 -> 봄 극성수기 연휴 | D52: =D51 -> 봄 극성수기 연휴 | E52: =E51 -> 봄 극성수기 연휴 | F52: =F51 -> 봄 극성수기 연휴 | G52: =G51 -> 봄 비수기 화요일 | H52: =H51 -> 봄 비수기 수요일 | I52: =I51 -> 봄 비수기 목요일 | J52: =J51 -> 봄 비수기 준주말 | ... AG52: =AG51 -> 봄 비수기 일요일
B53: 대천 | C53: =C52 -> 봄 극성수기 연휴 | D53: =D52 -> 봄 극성수기 연휴 | E53: =E52 -> 봄 극성수기 연휴 | F53: =F52 -> 봄 극성수기 연휴 | G53: =G52 -> 봄 비수기 화요일 | H53: =H52 -> 봄 비수기 수요일 | I53: =I52 -> 봄 비수기 목요일 | J53: =J52 -> 봄 비수기 준주말 | ... AG53: =AG52 -> 봄 비수기 일요일
B54: 경주 | C54: =C53 -> 봄 극성수기 연휴 | D54: =D53 -> 봄 극성수기 연휴 | E54: =E53 -> 봄 극성수기 연휴 | F54: =F53 -> 봄 극성수기 연휴 | G54: =G53 -> 봄 비수기 화요일 | H54: =H53 -> 봄 비수기 수요일 | I54: =I53 -> 봄 비수기 목요일 | J54: =J53 -> 봄 비수기 준주말 | ... AG54: =AG53 -> 봄 비수기 일요일
B55: 제주 | C55: =C54 -> 봄 극성수기 연휴 | D55: =D54 -> 봄 극성수기 연휴 | E55: =E54 -> 봄 극성수기 연휴 | F55: =F54 -> 봄 극성수기 연휴 | G55: =G54 -> 봄 비수기 화요일 | H55: =H54 -> 봄 비수기 수요일 | I55: =I54 -> 봄 비수기 목요일 | J55: =J54 -> 봄 비수기 준주말 | ... AG55: =AG54 -> 봄 비수기 일요일
B56: 평창 | C56: =C55 -> 봄 극성수기 연휴 | D56: =D55 -> 봄 극성수기 연휴 | E56: =E55 -> 봄 극성수기 연휴 | F56: =F55 -> 봄 극성수기 연휴 | G56: =G55 -> 봄 비수기 화요일 | H56: =H55 -> 봄 비수기 수요일 | I56: =I55 -> 봄 비수기 목요일 | J56: =J55 -> 봄 비수기 준주말 | ... AG56: =AG55 -> 봄 비수기 일요일
B57: 벨버디어 | C57: =C56 -> 봄 극성수기 연휴 | D57: =D56 -> 봄 극성수기 연휴 | E57: =E56 -> 봄 극성수기 연휴 | F57: =F56 -> 봄 극성수기 연휴 | G57: =G56 -> 봄 비수기 화요일 | H57: =H56 -> 봄 비수기 수요일 | I57: =I56 -> 봄 비수기 목요일 | J57: =J56 -> 봄 비수기 준주말 | ... AG57: =AG56 -> 봄 비수기 일요일
B58: 르 씨엘 | C58: =C57 -> 봄 극성수기 연휴 | D58: =D57 -> 봄 극성수기 연휴 | E58: =E57 -> 봄 극성수기 연휴 | F58: =F57 -> 봄 극성수기 연휴 | G58: =G57 -> 봄 비수기 화요일 | H58: =H57 -> 봄 비수기 수요일 | I58: =I57 -> 봄 비수기 목요일 | J58: =J57 -> 봄 비수기 준주말 | ... AG58: =AG57 -> 봄 비수기 일요일
B59: 여수 벨메르 | C59: =C58 -> 봄 극성수기 연휴 | D59: =D58 -> 봄 극성수기 연휴 | E59: =E58 -> 봄 극성수기 연휴 | F59: =F58 -> 봄 극성수기 연휴 | G59: =G58 -> 봄 비수기 화요일 | H59: =H58 -> 봄 비수기 수요일 | I59: =I58 -> 봄 비수기 목요일 | J59: =J58 -> 봄 비수기 준주말 | ... AG59: =AG58 -> 봄 비수기 일요일
B61: 6월
B63: 구분 | C63: 46174 | D63: 46175 | E63: 46176 | F63: 46177 | G63: 46178 | H63: 46179 | I63: 46180 | J63: 46181 | K63: 46182 | L63: 46183 | M63: 46184 | N63: 46185 | O63: 46186 | P63: 46187 | Q63: 46188 | R63: 46189 | S63: 46190 | T63: 46191 | U63: 46192 | V63: 46193 | W63: 46194 | X63: 46195 | Y63: 46196 | Z63: 46197 | AA63: 46198 | AB63: 46199 | AC63: 46200 | AD63: 46201 | AE63: 46202 | AF63: 46203
C64: 월 | D64: 화 | E64: 수 | F64: 목 | G64: 금 | H64: 토 | I64: 일 | J64: 월 | K64: 화 | L64: 수 | M64: 목 | N64: 금 | O64: 토 | P64: 일 | Q64: 월 | R64: 화 | S64: 수 | T64: 목 | U64: 금 | V64: 토 | W64: 일 | X64: 월 | Y64: 화 | Z64: 수 | AA64: 목 | AB64: 금 | AC64: 토 | AD64: 일 | AE64: 월 | AF64: 화
B65: 쏘라노 | C65: 봄 비수기 월요일 | D65: 봄 비수기 화요일 | E65: 봄 비수기 수요일 | F65: 봄 비수기 목요일 | G65: 봄 극성수기 연휴 | H65: 봄 극성수기 연휴 | I65: 봄 비수기 일요일 | J65: 봄 비수기 월요일 | K65: 봄 비수기 화요일 | L65: 봄 비수기 수요일 | M65: 봄 비수기 목요일 | N65: 봄 비수기 준주말 | O65: 봄 비수기 주말 | P65: 봄 비수기 일요일 | Q65: 봄 비수기 월요일 | R65: 봄 비수기 화요일 | S65: 봄 비수기 수요일 | T65: 봄 비수기 목요일 | U65: 봄 비수기 준주말 | V65: 봄 비수기 주말 | W65: 봄 비수기 일요일 | X65: 봄 비수기 월요일 | Y65: 봄 비수기 화요일 | Z65: 봄 비수기 수요일 | AA65: 봄 비수기 목요일 | AB65: 봄 비수기 준주말 | AC65: 봄 비수기 주말 | AD65: 봄 비수기 일요일 | AE65: 봄 비수기 월요일 | AF65: 봄 비수기 화요일
B66: 설악별관 | C66: 봄 비수기 월요일 | D66: 봄 비수기 화요일 | E66: 봄 비수기 수요일 | F66: 봄 비수기 목요일 | G66: 봄 극성수기 연휴 | H66: 봄 극성수기 연휴 | I66: 봄 비수기 일요일 | J66: 봄 비수기 월요일 | K66: 봄 비수기 화요일 | L66: 봄 비수기 수요일 | M66: 봄 비수기 목요일 | N66: 봄 비수기 준주말 | O66: 봄 비수기 주말 | P66: 봄 비수기 일요일 | Q66: 봄 비수기 월요일 | R66: 봄 비수기 화요일 | S66: 봄 비수기 수요일 | T66: 봄 비수기 목요일 | U66: 봄 비수기 준주말 | V66: 봄 비수기 주말 | W66: 봄 비수기 일요일 | X66: 봄 비수기 월요일 | Y66: 봄 비수기 화요일 | Z66: 봄 비수기 수요일 | AA66: 봄 비수기 목요일 | AB66: 봄 비수기 준주말 | AC66: 봄 비수기 주말 | AD66: 봄 비수기 일요일 | AE66: 봄 비수기 월요일 | AF66: 봄 비수기 화요일
B67: 용인 | C67: 봄 비수기 월요일 | D67: 봄 비수기 화요일 | E67: 봄 비수기 수요일 | F67: 봄 비수기 목요일 | G67: 봄 극성수기 연휴 | H67: 봄 극성수기 연휴 | I67: 봄 비수기 일요일 | J67: 봄 비수기 월요일 | K67: 봄 비수기 화요일 | L67: 봄 비수기 수요일 | M67: 봄 비수기 목요일 | N67: 봄 비수기 준주말 | O67: 봄 비수기 주말 | P67: 봄 비수기 일요일 | Q67: 봄 비수기 월요일 | R67: 봄 비수기 화요일 | S67: 봄 비수기 수요일 | T67: 봄 비수기 목요일 | U67: 봄 비수기 준주말 | V67: 봄 비수기 주말 | W67: 봄 비수기 일요일 | X67: 봄 비수기 월요일 | Y67: 봄 비수기 화요일 | Z67: 봄 비수기 수요일 | AA67: 봄 비수기 목요일 | AB67: 봄 비수기 준주말 | AC67: 봄 비수기 주말 | AD67: 봄 비수기 일요일 | AE67: 봄 비수기 월요일 | AF67: 봄 비수기 화요일
B68: 산정호수 | C68: 봄 비수기 월요일 | D68: 봄 비수기 화요일 | E68: 봄 비수기 수요일 | F68: 봄 비수기 목요일 | G68: 봄 극성수기 연휴 | H68: 봄 극성수기 연휴 | I68: 봄 비수기 일요일 | J68: 봄 비수기 월요일 | K68: 봄 비수기 화요일 | L68: 봄 비수기 수요일 | M68: 봄 비수기 목요일 | N68: 봄 비수기 준주말 | O68: 봄 비수기 주말 | P68: 봄 비수기 일요일 | Q68: 봄 비수기 월요일 | R68: 봄 비수기 화요일 | S68: 봄 비수기 수요일 | T68: 봄 비수기 목요일 | U68: 봄 비수기 준주말 | V68: 봄 비수기 주말 | W68: 봄 비수기 일요일 | X68: 봄 비수기 월요일 | Y68: 봄 비수기 화요일 | Z68: 봄 비수기 수요일 | AA68: 봄 비수기 목요일 | AB68: 봄 비수기 준주말 | AC68: 봄 비수기 주말 | AD68: 봄 비수기 일요일 | AE68: 봄 비수기 월요일 | AF68: 봄 비수기 화요일
B69: 해운대 | C69: 봄 비수기 월요일 | D69: 봄 비수기 화요일 | E69: 봄 비수기 수요일 | F69: 봄 비수기 목요일 | G69: 봄 극성수기 연휴 | H69: 봄 극성수기 연휴 | I69: 봄 비수기 일요일 | J69: 봄 비수기 월요일 | K69: 봄 비수기 화요일 | L69: 봄 비수기 수요일 | M69: 봄 비수기 목요일 | N69: 봄 비수기 준주말 | O69: 봄 비수기 주말 | P69: 봄 비수기 일요일 | Q69: 봄 비수기 월요일 | R69: 봄 비수기 화요일 | S69: 봄 비수기 수요일 | T69: 봄 비수기 목요일 | U69: 봄 비수기 준주말 | V69: 봄 비수기 주말 | W69: 봄 비수기 일요일 | X69: 봄 비수기 월요일 | Y69: 봄 비수기 화요일 | Z69: 봄 비수기 수요일 | AA69: 봄 비수기 목요일 | AB69: 봄 비수기 준주말 | AC69: 봄 비수기 주말 | AD69: 봄 비수기 일요일 | AE69: 봄 비수기 월요일 | AF69: 봄 비수기 화요일
B70: 대천 | C70: 봄 비수기 월요일 | D70: 봄 비수기 화요일 | E70: 봄 비수기 수요일 | F70: 봄 비수기 목요일 | G70: 봄 극성수기 연휴 | H70: 봄 극성수기 연휴 | I70: 봄 비수기 일요일 | J70: 봄 비수기 월요일 | K70: 봄 비수기 화요일 | L70: 봄 비수기 수요일 | M70: 봄 비수기 목요일 | N70: 봄 비수기 준주말 | O70: 봄 비수기 주말 | P70: 봄 비수기 일요일 | Q70: 봄 비수기 월요일 | R70: 봄 비수기 화요일 | S70: 봄 비수기 수요일 | T70: 봄 비수기 목요일 | U70: 봄 비수기 준주말 | V70: 봄 비수기 주말 | W70: 봄 비수기 일요일 | X70: 봄 비수기 월요일 | Y70: 봄 비수기 화요일 | Z70: 봄 비수기 수요일 | AA70: 봄 비수기 목요일 | AB70: 봄 비수기 준주말 | AC70: 봄 비수기 주말 | AD70: 봄 비수기 일요일 | AE70: 봄 비수기 월요일 | AF70: 봄 비수기 화요일
B71: 경주 | C71: 봄 비수기 월요일 | D71: 봄 비수기 화요일 | E71: 봄 비수기 수요일 | F71: 봄 비수기 목요일 | G71: 봄 극성수기 연휴 | H71: 봄 극성수기 연휴 | I71: 봄 비수기 일요일 | J71: 봄 비수기 월요일 | K71: 봄 비수기 화요일 | L71: 봄 비수기 수요일 | M71: 봄 비수기 목요일 | N71: 봄 비수기 준주말 | O71: 봄 비수기 주말 | P71: 봄 비수기 일요일 | Q71: 봄 비수기 월요일 | R71: 봄 비수기 화요일 | S71: 봄 비수기 수요일 | T71: 봄 비수기 목요일 | U71: 봄 비수기 준주말 | V71: 봄 비수기 주말 | W71: 봄 비수기 일요일 | X71: 봄 비수기 월요일 | Y71: 봄 비수기 화요일 | Z71: 봄 비수기 수요일 | AA71: 봄 비수기 목요일 | AB71: 봄 비수기 준주말 | AC71: 봄 비수기 주말 | AD71: 봄 비수기 일요일 | AE71: 봄 비수기 월요일 | AF71: 봄 비수기 화요일
B72: 제주 | C72: 봄 비수기 월요일 | D72: 봄 비수기 화요일 | E72: 봄 비수기 수요일 | F72: 봄 비수기 목요일 | G72: 봄 극성수기 연휴 | H72: 봄 극성수기 연휴 | I72: 봄 비수기 일요일 | J72: 봄 비수기 월요일 | K72: 봄 비수기 화요일 | L72: 봄 비수기 수요일 | M72: 봄 비수기 목요일 | N72: 봄 비수기 준주말 | O72: 봄 비수기 주말 | P72: 봄 비수기 일요일 | Q72: 봄 비수기 월요일 | R72: 봄 비수기 화요일 | S72: 봄 비수기 수요일 | T72: 봄 비수기 목요일 | U72: 봄 비수기 준주말 | V72: 봄 비수기 주말 | W72: 봄 비수기 일요일 | X72: 봄 비수기 월요일 | Y72: 봄 비수기 화요일 | Z72: 봄 비수기 수요일 | AA72: 봄 비수기 목요일 | AB72: 봄 비수기 준주말 | AC72: 봄 비수기 주말 | AD72: 봄 비수기 일요일 | AE72: 봄 비수기 월요일 | AF72: 봄 비수기 화요일
B73: 평창 | C73: 봄 비수기 월요일 | D73: 봄 비수기 화요일 | E73: 봄 비수기 수요일 | F73: 봄 비수기 목요일 | G73: 봄 극성수기 연휴 | H73: 봄 극성수기 연휴 | I73: 봄 비수기 일요일 | J73: 봄 비수기 월요일 | K73: 봄 비수기 화요일 | L73: 봄 비수기 수요일 | M73: 봄 비수기 목요일 | N73: 봄 비수기 준주말 | O73: 봄 비수기 주말 | P73: 봄 비수기 일요일 | Q73: 봄 비수기 월요일 | R73: 봄 비수기 화요일 | S73: 봄 비수기 수요일 | T73: 봄 비수기 목요일 | U73: 봄 비수기 준주말 | V73: 봄 비수기 주말 | W73: 봄 비수기 일요일 | X73: 봄 비수기 월요일 | Y73: 봄 비수기 화요일 | Z73: 봄 비수기 수요일 | AA73: 봄 비수기 목요일 | AB73: 봄 비수기 준주말 | AC73: 봄 비수기 주말 | AD73: 봄 비수기 일요일 | AE73: 봄 비수기 월요일 | AF73: 봄 비수기 화요일
B74: 벨버디어 | C74: 봄 비수기 월요일 | D74: 봄 비수기 화요일 | E74: 봄 비수기 수요일 | F74: 봄 비수기 목요일 | G74: 봄 극성수기 연휴 | H74: 봄 극성수기 연휴 | I74: 봄 비수기 일요일 | J74: 봄 비수기 월요일 | K74: 봄 비수기 화요일 | L74: 봄 비수기 수요일 | M74: 봄 비수기 목요일 | N74: 봄 비수기 준주말 | O74: 봄 비수기 주말 | P74: 봄 비수기 일요일 | Q74: 봄 비수기 월요일 | R74: 봄 비수기 화요일 | S74: 봄 비수기 수요일 | T74: 봄 비수기 목요일 | U74: 봄 비수기 준주말 | V74: 봄 비수기 주말 | W74: 봄 비수기 일요일 | X74: 봄 비수기 월요일 | Y74: 봄 비수기 화요일 | Z74: 봄 비수기 수요일 | AA74: 봄 비수기 목요일 | AB74: 봄 비수기 준주말 | AC74: 봄 비수기 주말 | AD74: 봄 비수기 일요일 | AE74: 봄 비수기 월요일 | AF74: 봄 비수기 화요일
B75: 르 씨엘 | C75: 봄 비수기 월요일 | D75: 봄 비수기 화요일 | E75: 봄 비수기 수요일 | F75: 봄 비수기 목요일 | G75: 봄 극성수기 연휴 | H75: 봄 극성수기 연휴 | I75: 봄 비수기 일요일 | J75: 봄 비수기 월요일 | K75: 봄 비수기 화요일 | L75: 봄 비수기 수요일 | M75: 봄 비수기 목요일 | N75: 봄 비수기 준주말 | O75: 봄 비수기 주말 | P75: 봄 비수기 일요일 | Q75: 봄 비수기 월요일 | R75: 봄 비수기 화요일 | S75: 봄 비수기 수요일 | T75: 봄 비수기 목요일 | U75: 봄 비수기 준주말 | V75: 봄 비수기 주말 | W75: 봄 비수기 일요일 | X75: 봄 비수기 월요일 | Y75: 봄 비수기 화요일 | Z75: 봄 비수기 수요일 | AA75: 봄 비수기 목요일 | AB75: 봄 비수기 준주말 | AC75: 봄 비수기 주말 | AD75: 봄 비수기 일요일 | AE75: 봄 비수기 월요일 | AF75: 봄 비수기 화요일
B76: 여수 벨메르 | C76: =C75 -> 봄 비수기 월요일 | D76: =D75 -> 봄 비수기 화요일 | E76: =E75 -> 봄 비수기 수요일 | F76: =F75 -> 봄 비수기 목요일 | G76: =G75 -> 봄 극성수기 연휴 | H76: =H75 -> 봄 극성수기 연휴 | I76: =I75 -> 봄 비수기 일요일 | J76: =J75 -> 봄 비수기 월요일 | ... AF76: =AF75 -> 봄 비수기 화요일
B78: 7월
B80: 구분 | C80: 46204 | D80: 46205 | E80: 46206 | F80: 46207 | G80: 46208 | H80: 46209 | I80: 46210 | J80: 46211 | K80: 46212 | L80: 46213 | M80: 46214 | N80: 46215 | O80: 46216 | P80: 46217 | Q80: 46218 | R80: 46219 | S80: 46220 | T80: 46221 | U80: 46222 | V80: 46223 | W80: 46224 | X80: 46225 | Y80: 46226 | Z80: 46227 | AA80: 46228 | AB80: 46229 | AC80: 46230 | AD80: 46231 | AE80: 46232 | AF80: 46233 | AG80: 46234
C81: 수 | D81: 목 | E81: 금 | F81: 토 | G81: 일 | H81: 월 | I81: 화 | J81: 수 | K81: 목 | L81: 금 | M81: 토 | N81: 일 | O81: 월 | P81: 화 | Q81: 수 | R81: 목 | S81: 금 | T81: 토 | U81: 일 | V81: 월 | W81: 화 | X81: 수 | Y81: 목 | Z81: 금 | AA81: 토 | AB81: 일 | AC81: 월 | AD81: 화 | AE81: 수 | AF81: 목 | AG81: 금
B82: 쏘라노 | C82: 봄 비수기 수요일 | D82: 봄 비수기 목요일 | E82: 봄 비수기 준주말 | F82: 봄 비수기 주말 | G82: 봄 비수기 일요일 | H82: 봄 비수기 월요일 | I82: 봄 비수기 화요일 | J82: 봄 비수기 수요일 | K82: 봄 비수기 목요일 | L82: 봄 비수기 준주말 | M82: 봄 비수기 주말 | N82: 봄 비수기 일요일 | O82: 봄 비수기 월요일 | P82: 봄 비수기 화요일 | Q82: 봄 비수기 수요일 | R82: 봄 비수기 목요일 | S82: 여름 극성수기 준주말 | T82: 여름 극성수기 주말 | U82: 여름 성수기 일요일 | V82: 여름 성수기 월요일 | W82: 여름 성수기 화요일 | X82: 여름 성수기 수요일 | Y82: 여름 성수기 목요일 | Z82: 여름 극성수기 준주말 | AA82: 여름 극성수기 주말 | AB82: 여름 극성수기 일요일 | AC82: 여름 극성수기 월요일 | AD82: 여름 극성수기 화요일 | AE82: 여름 극성수기 수요일 | AF82: 여름 극성수기 목요일 | AG82: 여름 극성수기 준주말
B83: 설악별관 | C83: 봄 비수기 수요일 | D83: 봄 비수기 목요일 | E83: 봄 비수기 준주말 | F83: 봄 비수기 주말 | G83: 봄 비수기 일요일 | H83: 봄 비수기 월요일 | I83: 봄 비수기 화요일 | J83: 봄 비수기 수요일 | K83: 봄 비수기 목요일 | L83: 봄 비수기 준주말 | M83: 봄 비수기 주말 | N83: 봄 비수기 일요일 | O83: 봄 비수기 월요일 | P83: 봄 비수기 화요일 | Q83: 봄 비수기 수요일 | R83: 봄 비수기 목요일 | S83: 여름 성수기 준주말 | T83: 여름 극성수기 주말 | U83: 여름 준성수기A 일요일 | V83: 여름 준성수기A 월요일 | W83: 여름 준성수기A 화요일 | X83: 여름 준성수기A 수요일 | Y83: 여름 준성수기A 목요일 | Z83: 여름 성수기 준주말 | AA83: 여름 극성수기 주말 | AB83: 여름 극성수기 일요일 | AC83: 여름 극성수기 월요일 | AD83: 여름 극성수기 화요일 | AE83: 여름 극성수기 수요일 | AF83: 여름 극성수기 목요일 | AG83: 여름 극성수기 준주말
B84: 용인 | C84: 봄 비수기 수요일 | D84: 봄 비수기 목요일 | E84: 봄 비수기 준주말 | F84: 봄 비수기 주말 | G84: 봄 비수기 일요일 | H84: 봄 비수기 월요일 | I84: 봄 비수기 화요일 | J84: 봄 비수기 수요일 | K84: 봄 비수기 목요일 | L84: 봄 비수기 준주말 | M84: 봄 비수기 주말 | N84: 봄 비수기 일요일 | O84: 봄 비수기 월요일 | P84: 봄 비수기 화요일 | Q84: 봄 비수기 수요일 | R84: 봄 비수기 목요일 | S84: 여름 성수기 준주말 | T84: 여름 극성수기 주말 | U84: 여름 준성수기A 일요일 | V84: 여름 준성수기A 월요일 | W84: 여름 준성수기A 화요일 | X84: 여름 준성수기A 수요일 | Y84: 여름 준성수기A 목요일 | Z84: 여름 성수기 준주말 | AA84: 여름 극성수기 주말 | AB84: 여름 극성수기 일요일 | AC84: 여름 극성수기 월요일 | AD84: 여름 극성수기 화요일 | AE84: 여름 극성수기 수요일 | AF84: 여름 극성수기 목요일 | AG84: 여름 극성수기 준주말
B85: 산정호수 | C85: 봄 비수기 수요일 | D85: 봄 비수기 목요일 | E85: 봄 비수기 준주말 | F85: 봄 비수기 주말 | G85: 봄 비수기 일요일 | H85: 봄 비수기 월요일 | I85: 봄 비수기 화요일 | J85: 봄 비수기 수요일 | K85: 봄 비수기 목요일 | L85: 봄 비수기 준주말 | M85: 봄 비수기 주말 | N85: 봄 비수기 일요일 | O85: 봄 비수기 월요일 | P85: 봄 비수기 화요일 | Q85: 봄 비수기 수요일 | R85: 봄 비수기 목요일 | S85: 여름 극성수기 준주말 | T85: 여름 극성수기 주말 | U85: 여름 성수기 일요일 | V85: 여름 성수기 월요일 | W85: 여름 성수기 화요일 | X85: 여름 성수기 수요일 | Y85: 여름 성수기 목요일 | Z85: 여름 극성수기 준주말 | AA85: 여름 극성수기 주말 | AB85: 여름 극성수기 일요일 | AC85: 여름 극성수기 월요일 | AD85: 여름 극성수기 화요일 | AE85: 여름 극성수기 수요일 | AF85: 여름 극성수기 목요일 | AG85: 여름 극성수기 준주말
B86: 해운대 | C86: 봄 비수기 수요일 | D86: 봄 비수기 목요일 | E86: 봄 비수기 준주말 | F86: 봄 비수기 주말 | G86: 봄 비수기 일요일 | H86: 봄 비수기 월요일 | I86: 봄 비수기 화요일 | J86: 봄 비수기 수요일 | K86: 봄 비수기 목요일 | L86: 봄 비수기 준주말 | M86: 봄 비수기 주말 | N86: 봄 비수기 일요일 | O86: 봄 비수기 월요일 | P86: 봄 비수기 화요일 | Q86: 봄 비수기 수요일 | R86: 봄 비수기 목요일 | S86: 여름 극성수기 준주말 | T86: 여름 극성수기 주말 | U86: 여름 성수기 일요일 | V86: 여름 성수기 월요일 | W86: 여름 성수기 화요일 | X86: 여름 성수기 수요일 | Y86: 여름 성수기 목요일 | Z86: 여름 극성수기 준주말 | AA86: 여름 극성수기 주말 | AB86: 여름 극성수기 일요일 | AC86: 여름 극성수기 월요일 | AD86: 여름 극성수기 화요일 | AE86: 여름 극성수기 수요일 | AF86: 여름 극성수기 목요일 | AG86: 여름 극성수기 준주말
B87: 대천 | C87: 봄 비수기 수요일 | D87: 봄 비수기 목요일 | E87: 봄 비수기 준주말 | F87: 봄 비수기 주말 | G87: 봄 비수기 일요일 | H87: 봄 비수기 월요일 | I87: 봄 비수기 화요일 | J87: 봄 비수기 수요일 | K87: 봄 비수기 목요일 | L87: 봄 비수기 준주말 | M87: 봄 비수기 주말 | N87: 봄 비수기 일요일 | O87: 봄 비수기 월요일 | P87: 봄 비수기 화요일 | Q87: 봄 비수기 수요일 | R87: 봄 비수기 목요일 | S87: 여름 극성수기 준주말 | T87: 여름 극성수기 주말 | U87: 여름 성수기 일요일 | V87: 여름 성수기 월요일 | W87: 여름 성수기 화요일 | X87: 여름 성수기 수요일 | Y87: 여름 성수기 목요일 | Z87: 여름 극성수기 준주말 | AA87: 여름 극성수기 주말 | AB87: 여름 극성수기 일요일 | AC87: 여름 극성수기 월요일 | AD87: 여름 극성수기 화요일 | AE87: 여름 극성수기 수요일 | AF87: 여름 극성수기 목요일 | AG87: 여름 극성수기 준주말
B88: 경주 | C88: 봄 비수기 수요일 | D88: 봄 비수기 목요일 | E88: 봄 비수기 준주말 | F88: 봄 비수기 주말 | G88: 봄 비수기 일요일 | H88: 봄 비수기 월요일 | I88: 봄 비수기 화요일 | J88: 봄 비수기 수요일 | K88: 봄 비수기 목요일 | L88: 봄 비수기 준주말 | M88: 봄 비수기 주말 | N88: 봄 비수기 일요일 | O88: 봄 비수기 월요일 | P88: 봄 비수기 화요일 | Q88: 봄 비수기 수요일 | R88: 봄 비수기 목요일 | S88: 여름 극성수기 준주말 | T88: 여름 극성수기 주말 | U88: 여름 성수기 일요일 | V88: 여름 성수기 월요일 | W88: 여름 성수기 화요일 | X88: 여름 성수기 수요일 | Y88: 여름 성수기 목요일 | Z88: 여름 극성수기 준주말 | AA88: 여름 극성수기 주말 | AB88: 여름 극성수기 일요일 | AC88: 여름 극성수기 월요일 | AD88: 여름 극성수기 화요일 | AE88: 여름 극성수기 수요일 | AF88: 여름 극성수기 목요일 | AG88: 여름 극성수기 준주말
B89: 제주 | C89: 봄 비수기 수요일 | D89: 봄 비수기 목요일 | E89: 봄 비수기 준주말 | F89: 봄 비수기 주말 | G89: 봄 비수기 일요일 | H89: 봄 비수기 월요일 | I89: 봄 비수기 화요일 | J89: 봄 비수기 수요일 | K89: 봄 비수기 목요일 | L89: 봄 비수기 준주말 | M89: 봄 비수기 주말 | N89: 봄 비수기 일요일 | O89: 봄 비수기 월요일 | P89: 봄 비수기 화요일 | Q89: 봄 비수기 수요일 | R89: 봄 비수기 목요일 | S89: 여름 성수기 준주말 | T89: 여름 극성수기 주말 | U89: 여름 준성수기A 일요일 | V89: 여름 준성수기A 월요일 | W89: 여름 준성수기A 화요일 | X89: 여름 준성수기A 수요일 | Y89: 여름 준성수기A 목요일 | Z89: 여름 성수기 준주말 | AA89: 여름 극성수기 주말 | AB89: 여름 극성수기 일요일 | AC89: 여름 극성수기 월요일 | AD89: 여름 극성수기 화요일 | AE89: 여름 극성수기 수요일 | AF89: 여름 극성수기 목요일 | AG89: 여름 극성수기 준주말
B90: 평창 | C90: 봄 비수기 수요일 | D90: 봄 비수기 목요일 | E90: 봄 비수기 준주말 | F90: 봄 비수기 주말 | G90: 봄 비수기 일요일 | H90: 봄 비수기 월요일 | I90: 봄 비수기 화요일 | J90: 봄 비수기 수요일 | K90: 봄 비수기 목요일 | L90: 봄 비수기 준주말 | M90: 봄 비수기 주말 | N90: 봄 비수기 일요일 | O90: 봄 비수기 월요일 | P90: 봄 비수기 화요일 | Q90: 봄 비수기 수요일 | R90: 봄 비수기 목요일 | S90: 여름 성수기 준주말 | T90: 여름 극성수기 주말 | U90: 여름 준성수기A 일요일 | V90: 여름 준성수기A 월요일 | W90: 여름 준성수기A 화요일 | X90: 여름 준성수기A 수요일 | Y90: 여름 준성수기A 목요일 | Z90: 여름 성수기 준주말 | AA90: 여름 극성수기 주말 | AB90: 여름 극성수기 일요일 | AC90: 여름 극성수기 월요일 | AD90: 여름 극성수기 화요일 | AE90: 여름 극성수기 수요일 | AF90: 여름 극성수기 목요일 | AG90: 여름 극성수기 준주말
B91: 벨버디어 | C91: 봄 비수기 수요일 | D91: 봄 비수기 목요일 | E91: 봄 비수기 준주말 | F91: 봄 비수기 주말 | G91: 봄 비수기 일요일 | H91: 봄 비수기 월요일 | I91: 봄 비수기 화요일 | J91: 봄 비수기 수요일 | K91: 봄 비수기 목요일 | L91: 봄 비수기 준주말 | M91: 봄 비수기 주말 | N91: 봄 비수기 일요일 | O91: 봄 비수기 월요일 | P91: 봄 비수기 화요일 | Q91: 봄 비수기 수요일 | R91: 봄 비수기 목요일 | S91: 여름 극성수기 준주말 | T91: 여름 극성수기 주말 | U91: 여름 성수기 일요일 | V91: 여름 성수기 월요일 | W91: 여름 성수기 화요일 | X91: 여름 성수기 수요일 | Y91: 여름 성수기 목요일 | Z91: 여름 극성수기 준주말 | AA91: 여름 극성수기 주말 | AB91: 여름 극성수기 일요일 | AC91: 여름 극성수기 월요일 | AD91: 여름 극성수기 화요일 | AE91: 여름 극성수기 수요일 | AF91: 여름 극성수기 목요일 | AG91: 여름 극성수기 준주말
B92: 르 씨엘 | C92: 봄 비수기 수요일 | D92: 봄 비수기 목요일 | E92: 봄 비수기 준주말 | F92: 봄 비수기 주말 | G92: 봄 비수기 일요일 | H92: 봄 비수기 월요일 | I92: 봄 비수기 화요일 | J92: 봄 비수기 수요일 | K92: 봄 비수기 목요일 | L92: 봄 비수기 준주말 | M92: 봄 비수기 주말 | N92: 봄 비수기 일요일 | O92: 봄 비수기 월요일 | P92: 봄 비수기 화요일 | Q92: 봄 비수기 수요일 | R92: 봄 비수기 목요일 | S92: 여름 성수기 준주말 | T92: 여름 극성수기 주말 | U92: 여름 준성수기A 일요일 | V92: 여름 준성수기A 월요일 | W92: 여름 준성수기A 화요일 | X92: 여름 준성수기A 수요일 | Y92: 여름 준성수기A 목요일 | Z92: 여름 성수기 준주말 | AA92: 여름 극성수기 주말 | AB92: 여름 극성수기 일요일 | AC92: 여름 극성수기 월요일 | AD92: 여름 극성수기 화요일 | AE92: 여름 극성수기 수요일 | AF92: 여름 극성수기 목요일 | AG92: 여름 극성수기 준주말
B93: 여수 벨메르 | C93: 봄 비수기 수요일 | D93: 봄 비수기 목요일 | E93: 봄 비수기 준주말 | F93: 봄 비수기 주말 | G93: 봄 비수기 일요일 | H93: 봄 비수기 월요일 | I93: 봄 비수기 화요일 | J93: 봄 비수기 수요일 | K93: 봄 비수기 목요일 | L93: 봄 비수기 준주말 | M93: 봄 비수기 주말 | N93: 봄 비수기 일요일 | O93: 봄 비수기 월요일 | P93: 봄 비수기 화요일 | Q93: 봄 비수기 수요일 | R93: 봄 비수기 목요일 | S93: 여름 성수기 준주말 | T93: 여름 극성수기 주말 | U93: 여름 준성수기A 일요일 | V93: 여름 준성수기A 월요일 | W93: 여름 준성수기A 화요일 | X93: 여름 준성수기A 수요일 | Y93: 여름 준성수기A 목요일 | Z93: 여름 성수기 준주말 | AA93: 여름 극성수기 주말 | AB93: 여름 극성수기 일요일 | AC93: 여름 극성수기 월요일 | AD93: 여름 극성수기 화요일 | AE93: 여름 극성수기 수요일 | AF93: 여름 극성수기 목요일 | AG93: 여름 극성수기 준주말
B95: 8월
B97: 구분 | C97: 46235 | D97: 46236 | E97: 46237 | F97: 46238 | G97: 46239 | H97: 46240 | I97: 46241 | J97: 46242 | K97: 46243 | L97: 46244 | M97: 46245 | N97: 46246 | O97: 46247 | P97: 46248 | Q97: 46249 | R97: 46250 | S97: 46251 | T97: 46252 | U97: 46253 | V97: 46254 | W97: 46255 | X97: 46256 | Y97: 46257 | Z97: 46258 | AA97: 46259 | AB97: 46260 | AC97: 46261 | AD97: 46262 | AE97: 46263 | AF97: 46264 | AG97: 46265
C98: 토 | D98: 일 | E98: 월 | F98: 화 | G98: 수 | H98: 목 | I98: 금 | J98: 토 | K98: 일 | L98: 월 | M98: 화 | N98: 수 | O98: 목 | P98: 금 | Q98: 토 | R98: 일 | S98: 월 | T98: 화 | U98: 수 | V98: 목 | W98: 금 | X98: 토 | Y98: 일 | Z98: 월 | AA98: 화 | AB98: 수 | AC98: 목 | AD98: 금 | AE98: 토 | AF98: 일 | AG98: 월
B99: 쏘라노 | C99: 여름 극성수기 주말 | D99: 여름 극성수기 일요일 | E99: 여름 극성수기 월요일 | F99: 여름 극성수기 화요일 | G99: 여름 극성수기 수요일 | H99: 여름 극성수기 목요일 | I99: 여름 극성수기 준주말 | J99: 여름 극성수기 주말 | K99: 여름 성수기 일요일 | L99: 여름 성수기 월요일 | M99: 여름 성수기 화요일 | N99: 여름 성수기 수요일 | O99: 여름 성수기 목요일 | P99: 여름 극성수기 연휴 | Q99: 여름 극성수기 연휴 | R99: 여름 극성수기 연휴 | S99: 여름 성수기 월요일 | T99: 여름 성수기 화요일 | U99: 여름 성수기 수요일 | V99: 여름 성수기 목요일 | W99: 여름 극성수기 준주말 | X99: 여름 극성수기 주말 | Y99: 가을 비수기 일요일 | Z99: 가을 비수기 월요일 | AA99: 가을 비수기 화요일 | AB99: 가을 비수기 수요일 | AC99: 가을 비수기 목요일 | AD99: 가을 비수기 준주말 | AE99: 가을 비수기 주말 | AF99: 가을 비수기 일요일 | AG99: 가을 비수기 월요일
B100: 설악별관 | C100: 여름 극성수기 주말 | D100: 여름 극성수기 일요일 | E100: 여름 극성수기 월요일 | F100: 여름 극성수기 화요일 | G100: 여름 극성수기 수요일 | H100: 여름 극성수기 목요일 | I100: 여름 극성수기 준주말 | J100: 여름 극성수기 주말 | K100: 여름 준성수기A 일요일 | L100: 여름 준성수기A 월요일 | M100: 여름 준성수기A 화요일 | N100: 여름 준성수기A 수요일 | O100: 여름 준성수기A 목요일 | P100: 여름 극성수기 연휴 | Q100: 여름 극성수기 연휴 | R100: 여름 극성수기 연휴 | S100: 여름 준성수기A 월요일 | T100: 여름 준성수기A 화요일 | U100: 여름 준성수기A 수요일 | V100: 여름 준성수기A 목요일 | W100: 여름 성수기 준주말 | X100: 여름 극성수기 주말 | Y100: 가을 비수기 일요일 | Z100: 가을 비수기 월요일 | AA100: 가을 비수기 화요일 | AB100: 가을 비수기 수요일 | AC100: 가을 비수기 목요일 | AD100: 가을 비수기 준주말 | AE100: 가을 비수기 주말 | AF100: 가을 비수기 일요일 | AG100: 가을 비수기 월요일
B101: 용인 | C101: 여름 극성수기 주말 | D101: 여름 극성수기 일요일 | E101: 여름 극성수기 월요일 | F101: 여름 극성수기 화요일 | G101: 여름 극성수기 수요일 | H101: 여름 극성수기 목요일 | I101: 여름 극성수기 준주말 | J101: 여름 극성수기 주말 | K101: 여름 준성수기A 일요일 | L101: 여름 준성수기A 월요일 | M101: 여름 준성수기A 화요일 | N101: 여름 준성수기A 수요일 | O101: 여름 준성수기A 목요일 | P101: 여름 극성수기 연휴 | Q101: 여름 극성수기 연휴 | R101: 여름 극성수기 연휴 | S101: 여름 준성수기A 월요일 | T101: 여름 준성수기A 화요일 | U101: 여름 준성수기A 수요일 | V101: 여름 준성수기A 목요일 | W101: 여름 성수기 준주말 | X101: 여름 극성수기 주말 | Y101: 가을 비수기 일요일 | Z101: 가을 비수기 월요일 | AA101: 가을 비수기 화요일 | AB101: 가을 비수기 수요일 | AC101: 가을 비수기 목요일 | AD101: 가을 비수기 준주말 | AE101: 가을 비수기 주말 | AF101: 가을 비수기 일요일 | AG101: 가을 비수기 월요일
B102: 산정호수 | C102: 여름 극성수기 주말 | D102: 여름 극성수기 일요일 | E102: 여름 극성수기 월요일 | F102: 여름 극성수기 화요일 | G102: 여름 극성수기 수요일 | H102: 여름 극성수기 목요일 | I102: 여름 극성수기 준주말 | J102: 여름 극성수기 주말 | K102: 여름 성수기 일요일 | L102: 여름 성수기 월요일 | M102: 여름 성수기 화요일 | N102: 여름 성수기 수요일 | O102: 여름 성수기 목요일 | P102: 여름 극성수기 연휴 | Q102: 여름 극성수기 연휴 | R102: 여름 극성수기 연휴 | S102: 여름 성수기 월요일 | T102: 여름 성수기 화요일 | U102: 여름 성수기 수요일 | V102: 여름 성수기 목요일 | W102: 여름 극성수기 준주말 | X102: 여름 극성수기 주말 | Y102: 가을 비수기 일요일 | Z102: 가을 비수기 월요일 | AA102: 가을 비수기 화요일 | AB102: 가을 비수기 수요일 | AC102: 가을 비수기 목요일 | AD102: 가을 비수기 준주말 | AE102: 가을 비수기 주말 | AF102: 가을 비수기 일요일 | AG102: 가을 비수기 월요일
B103: 해운대 | C103: 여름 극성수기 주말 | D103: 여름 극성수기 일요일 | E103: 여름 극성수기 월요일 | F103: 여름 극성수기 화요일 | G103: 여름 극성수기 수요일 | H103: 여름 극성수기 목요일 | I103: 여름 극성수기 준주말 | J103: 여름 극성수기 주말 | K103: 여름 성수기 일요일 | L103: 여름 성수기 월요일 | M103: 여름 성수기 화요일 | N103: 여름 성수기 수요일 | O103: 여름 성수기 목요일 | P103: 여름 극성수기 연휴 | Q103: 여름 극성수기 연휴 | R103: 여름 극성수기 연휴 | S103: 여름 성수기 월요일 | T103: 여름 성수기 화요일 | U103: 여름 성수기 수요일 | V103: 여름 성수기 목요일 | W103: 여름 극성수기 준주말 | X103: 여름 극성수기 주말 | Y103: 가을 비수기 일요일 | Z103: 가을 비수기 월요일 | AA103: 가을 비수기 화요일 | AB103: 가을 비수기 수요일 | AC103: 가을 비수기 목요일 | AD103: 가을 비수기 준주말 | AE103: 가을 비수기 주말 | AF103: 가을 비수기 일요일 | AG103: 가을 비수기 월요일
B104: 대천 | C104: 여름 극성수기 주말 | D104: 여름 극성수기 일요일 | E104: 여름 극성수기 월요일 | F104: 여름 극성수기 화요일 | G104: 여름 극성수기 수요일 | H104: 여름 극성수기 목요일 | I104: 여름 극성수기 준주말 | J104: 여름 극성수기 주말 | K104: 여름 성수기 일요일 | L104: 여름 성수기 월요일 | M104: 여름 성수기 화요일 | N104: 여름 성수기 수요일 | O104: 여름 성수기 목요일 | P104: 여름 극성수기 연휴 | Q104: 여름 극성수기 연휴 | R104: 여름 극성수기 연휴 | S104: 여름 성수기 월요일 | T104: 여름 성수기 화요일 | U104: 여름 성수기 수요일 | V104: 여름 성수기 목요일 | W104: 여름 극성수기 준주말 | X104: 여름 극성수기 주말 | Y104: 가을 비수기 일요일 | Z104: 가을 비수기 월요일 | AA104: 가을 비수기 화요일 | AB104: 가을 비수기 수요일 | AC104: 가을 비수기 목요일 | AD104: 가을 비수기 준주말 | AE104: 가을 비수기 주말 | AF104: 가을 비수기 일요일 | AG104: 가을 비수기 월요일
B105: 경주 | C105: 여름 극성수기 주말 | D105: 여름 극성수기 일요일 | E105: 여름 극성수기 월요일 | F105: 여름 극성수기 화요일 | G105: 여름 극성수기 수요일 | H105: 여름 극성수기 목요일 | I105: 여름 극성수기 준주말 | J105: 여름 극성수기 주말 | K105: 여름 성수기 일요일 | L105: 여름 성수기 월요일 | M105: 여름 성수기 화요일 | N105: 여름 성수기 수요일 | O105: 여름 성수기 목요일 | P105: 여름 극성수기 연휴 | Q105: 여름 극성수기 연휴 | R105: 여름 극성수기 연휴 | S105: 여름 성수기 월요일 | T105: 여름 성수기 화요일 | U105: 여름 성수기 수요일 | V105: 여름 성수기 목요일 | W105: 여름 극성수기 준주말 | X105: 여름 극성수기 주말 | Y105: 가을 비수기 일요일 | Z105: 가을 비수기 월요일 | AA105: 가을 비수기 화요일 | AB105: 가을 비수기 수요일 | AC105: 가을 비수기 목요일 | AD105: 가을 비수기 준주말 | AE105: 가을 비수기 주말 | AF105: 가을 비수기 일요일 | AG105: 가을 비수기 월요일
B106: 제주 | C106: 여름 극성수기 주말 | D106: 여름 극성수기 일요일 | E106: 여름 극성수기 월요일 | F106: 여름 극성수기 화요일 | G106: 여름 극성수기 수요일 | H106: 여름 극성수기 목요일 | I106: 여름 극성수기 준주말 | J106: 여름 극성수기 주말 | K106: 여름 준성수기A 일요일 | L106: 여름 준성수기A 월요일 | M106: 여름 준성수기A 화요일 | N106: 여름 준성수기A 수요일 | O106: 여름 준성수기A 목요일 | P106: 여름 극성수기 연휴 | Q106: 여름 극성수기 연휴 | R106: 여름 극성수기 연휴 | S106: 여름 준성수기A 월요일 | T106: 여름 준성수기A 화요일 | U106: 여름 준성수기A 수요일 | V106: 여름 준성수기A 목요일 | W106: 여름 성수기 준주말 | X106: 여름 극성수기 주말 | Y106: 가을 비수기 일요일 | Z106: 가을 비수기 월요일 | AA106: 가을 비수기 화요일 | AB106: 가을 비수기 수요일 | AC106: 가을 비수기 목요일 | AD106: 가을 비수기 준주말 | AE106: 가을 비수기 주말 | AF106: 가을 비수기 일요일 | AG106: 가을 비수기 월요일
B107: 평창 | C107: 여름 극성수기 주말 | D107: 여름 극성수기 일요일 | E107: 여름 극성수기 월요일 | F107: 여름 극성수기 화요일 | G107: 여름 극성수기 수요일 | H107: 여름 극성수기 목요일 | I107: 여름 극성수기 준주말 | J107: 여름 극성수기 주말 | K107: 여름 준성수기A 일요일 | L107: 여름 준성수기A 월요일 | M107: 여름 준성수기A 화요일 | N107: 여름 준성수기A 수요일 | O107: 여름 준성수기A 목요일 | P107: 여름 극성수기 연휴 | Q107: 여름 극성수기 연휴 | R107: 여름 극성수기 연휴 | S107: 여름 준성수기A 월요일 | T107: 여름 준성수기A 화요일 | U107: 여름 준성수기A 수요일 | V107: 여름 준성수기A 목요일 | W107: 여름 성수기 준주말 | X107: 여름 극성수기 주말 | Y107: 가을 비수기 일요일 | Z107: 가을 비수기 월요일 | AA107: 가을 비수기 화요일 | AB107: 가을 비수기 수요일 | AC107: 가을 비수기 목요일 | AD107: 가을 비수기 준주말 | AE107: 가을 비수기 주말 | AF107: 가을 비수기 일요일 | AG107: 가을 비수기 월요일
B108: 벨버디어 | C108: 여름 극성수기 주말 | D108: 여름 극성수기 일요일 | E108: 여름 극성수기 월요일 | F108: 여름 극성수기 화요일 | G108: 여름 극성수기 수요일 | H108: 여름 극성수기 목요일 | I108: 여름 극성수기 준주말 | J108: 여름 극성수기 주말 | K108: 여름 성수기 일요일 | L108: 여름 성수기 월요일 | M108: 여름 성수기 화요일 | N108: 여름 성수기 수요일 | O108: 여름 성수기 목요일 | P108: 여름 극성수기 연휴 | Q108: 여름 극성수기 연휴 | R108: 여름 극성수기 연휴 | S108: 여름 성수기 월요일 | T108: 여름 성수기 화요일 | U108: 여름 성수기 수요일 | V108: 여름 성수기 목요일 | W108: 여름 극성수기 준주말 | X108: 여름 극성수기 주말 | Y108: 가을 비수기 일요일 | Z108: 가을 비수기 월요일 | AA108: 가을 비수기 화요일 | AB108: 가을 비수기 수요일 | AC108: 가을 비수기 목요일 | AD108: 가을 비수기 준주말 | AE108: 가을 비수기 주말 | AF108: 가을 비수기 일요일 | AG108: 가을 비수기 월요일
B109: 르 씨엘 | C109: 여름 극성수기 주말 | D109: 여름 극성수기 일요일 | E109: 여름 극성수기 월요일 | F109: 여름 극성수기 화요일 | G109: 여름 극성수기 수요일 | H109: 여름 극성수기 목요일 | I109: 여름 극성수기 준주말 | J109: 여름 극성수기 주말 | K109: 여름 준성수기A 일요일 | L109: 여름 준성수기A 월요일 | M109: 여름 준성수기A 화요일 | N109: 여름 준성수기A 수요일 | O109: 여름 준성수기A 목요일 | P109: 여름 극성수기 연휴 | Q109: 여름 극성수기 연휴 | R109: 여름 극성수기 연휴 | S109: 여름 준성수기A 월요일 | T109: 여름 준성수기A 화요일 | U109: 여름 준성수기A 수요일 | V109: 여름 준성수기A 목요일 | W109: 여름 성수기 준주말 | X109: 여름 극성수기 주말 | Y109: 가을 비수기 일요일 | Z109: 가을 비수기 월요일 | AA109: 가을 비수기 화요일 | AB109: 가을 비수기 수요일 | AC109: 가을 비수기 목요일 | AD109: 가을 비수기 준주말 | AE109: 가을 비수기 주말 | AF109: 가을 비수기 일요일 | AG109: 가을 비수기 월요일
B110: 여수 벨메르 | C110: 여름 극성수기 주말 | D110: 여름 극성수기 일요일 | E110: 여름 극성수기 월요일 | F110: 여름 극성수기 화요일 | G110: 여름 극성수기 수요일 | H110: 여름 극성수기 목요일 | I110: 여름 극성수기 준주말 | J110: 여름 극성수기 주말 | K110: 여름 준성수기A 일요일 | L110: 여름 준성수기A 월요일 | M110: 여름 준성수기A 화요일 | N110: 여름 준성수기A 수요일 | O110: 여름 준성수기A 목요일 | P110: 여름 극성수기 연휴 | Q110: 여름 극성수기 연휴 | R110: 여름 극성수기 연휴 | S110: 여름 준성수기A 월요일 | T110: 여름 준성수기A 화요일 | U110: 여름 준성수기A 수요일 | V110: 여름 준성수기A 목요일 | W110: 여름 성수기 준주말 | X110: 여름 극성수기 주말 | Y110: 가을 비수기 일요일 | Z110: 가을 비수기 월요일 | AA110: 가을 비수기 화요일 | AB110: 가을 비수기 수요일 | AC110: 가을 비수기 목요일 | AD110: 가을 비수기 준주말 | AE110: 가을 비수기 주말 | AF110: 가을 비수기 일요일 | AG110: 가을 비수기 월요일

Sheet 회원요금기준▶
B2: 회원구분 | D2: 무기명회원권 | E2: 기명회원권
B3: 구분 | D3: 무기명 | E3: 기명 | F3: 회원추천
B4: 시즌 | C4: 기준 | D4: - | E4: 무기명가 대비 | F4: 무기명가 대비
B5: 비수기 | C5: 주중 | D5: 월별요금적용 | E5: -10000 | F5: 3000
C6: 준주말 | F6: 3000
C7: 주말 | F7: 15000
B8: 여름/겨울/연휴 | C8: 준성수기B | F8: 3000
C9: 준성수기A | F9: 3000
C10: 성수기 | F10: 15000
C11: 극성수기 | F11: 15000

Sheet 3월(무기명)
A1: ■ 2026년 3월 - 무기명
A2: 영업장명 | B2: 객실타입 | C2: 객실명 | D2: 46082 | E2: 46083 | F2: 46084 | G2: 46085 | H2: 46086 | I2: 46087 | J2: 46088 | K2: 46089 | L2: 46090 | M2: 46091 | N2: 46092 | O2: 46093 | P2: 46094 | Q2: 46095 | R2: 46096 | S2: 46097 | T2: 46098 | U2: 46099 | V2: 46100 | W2: 46101 | X2: 46102 | Y2: 46103 | Z2: 46104 | AA2: 46105 | AB2: 46106 | AC2: 46107 | AD2: 46108 | AE2: 46109 | AF2: 46110 | AG2: 46111 | AH2: 46112
D3: =D2 -> 46082 | E3: =E2 -> 46083 | F3: =F2 -> 46084 | G3: =G2 -> 46085 | H3: =H2 -> 46086 | I3: =I2 -> 46087 | J3: =J2 -> 46088 | K3: =K2 -> 46089 | ... AH3: =AH2 -> 46112
D4: 봄 극성수기 연휴 | E4: 봄 비수기 월요일 | F4: 봄 비수기 화요일 | G4: 봄 비수기 수요일 | H4: 봄 비수기 목요일 | I4: 봄 비수기 준주말 | J4: 봄 비수기 주말 | K4: 봄 비수기 일요일 | L4: 봄 비수기 월요일 | M4: 봄 비수기 화요일 | N4: 봄 비수기 수요일 | O4: 봄 비수기 목요일 | P4: 봄 비수기 준주말 | Q4: 봄 비수기 주말 | R4: 봄 비수기 일요일 | S4: 봄 비수기 월요일 | T4: 봄 비수기 화요일 | U4: 봄 비수기 수요일 | V4: 봄 비수기 목요일 | W4: 봄 비수기 준주말 | X4: 봄 비수기 주말 | Y4: 봄 비수기 일요일 | Z4: 봄 비수기 월요일 | AA4: 봄 비수기 화요일 | AB4: 봄 비수기 수요일 | AC4: 봄 비수기 목요일 | AD4: 봄 비수기 준주말 | AE4: 봄 비수기 주말 | AF4: 봄 비수기 일요일 | AG4: 봄 비수기 월요일 | AH4: 봄 비수기 화요일
A5: 설악 쏘라노 | B5: FAM | C5: 디럭스 | D5: 205000 | E5: 119000 | F5: 119000 | G5: 119000 | H5: 119000 | I5: 137000 | J5: 174000 | K5: 119000 | L5: 119000 | M5: 119000 | N5: 119000 | O5: 119000 | P5: 137000 | Q5: 174000 | R5: 119000 | S5: 119000 | T5: 119000 | U5: 119000 | V5: 119000 | W5: 137000 | X5: 174000 | Y5: 119000 | Z5: 119000 | AA5: 119000 | AB5: 119000 | AC5: 119000 | AD5: 137000 | AE5: 174000 | AF5: 119000 | AG5: 119000 | AH5: 119000
A6: 설악 쏘라노 | B6: DMO | C6: 디럭스(모던) | D6: 246000 | E6: 140000 | F6: 140000 | G6: 140000 | H6: 140000 | I6: 174000 | J6: 214000 | K6: 140000 | L6: 140000 | M6: 140000 | N6: 140000 | O6: 140000 | P6: 174000 | Q6: 214000 | R6: 140000 | S6: 140000 | T6: 140000 | U6: 140000 | V6: 140000 | W6: 174000 | X6: 214000 | Y6: 140000 | Z6: 140000 | AA6: 140000 | AB6: 140000 | AC6: 140000 | AD6: 174000 | AE6: 214000 | AF6: 140000 | AG6: 140000 | AH6: 140000
A7: 설악 쏘라노 | B7: FSS | C7: 디럭스(원룸) | D7: 205000 | E7: 119000 | F7: 119000 | G7: 119000 | H7: 119000 | I7: 137000 | J7: 174000 | K7: 119000 | L7: 119000 | M7: 119000 | N7: 119000 | O7: 119000 | P7: 137000 | Q7: 174000 | R7: 119000 | S7: 119000 | T7: 119000 | U7: 119000 | V7: 119000 | W7: 137000 | X7: 174000 | Y7: 119000 | Z7: 119000 | AA7: 119000 | AB7: 119000 | AC7: 119000 | AD7: 137000 | AE7: 174000 | AF7: 119000 | AG7: 119000 | AH7: 119000
A8: 설악 쏘라노 | B8: HTE | C8: 디럭스(유러피언_원룸_호텔형) | D8: 254000 | E8: 147000 | F8: 147000 | G8: 147000 | H8: 147000 | I8: 181000 | J8: 222000 | K8: 147000 | L8: 147000 | M8: 147000 | N8: 147000 | O8: 147000 | P8: 181000 | Q8: 222000 | R8: 147000 | S8: 147000 | T8: 147000 | U8: 147000 | V8: 147000 | W8: 181000 | X8: 222000 | Y8: 147000 | Z8: 147000 | AA8: 147000 | AB8: 147000 | AC8: 147000 | AD8: 181000 | AE8: 222000 | AF8: 147000 | AG8: 147000 | AH8: 147000
A9: 설악 쏘라노 | B9: HTL | C9: 디럭스(원룸_호텔형) | D9: 205000 | E9: 119000 | F9: 119000 | G9: 119000 | H9: 119000 | I9: 137000 | J9: 174000 | K9: 119000 | L9: 119000 | M9: 119000 | N9: 119000 | O9: 119000 | P9: 137000 | Q9: 174000 | R9: 119000 | S9: 119000 | T9: 119000 | U9: 119000 | V9: 119000 | W9: 137000 | X9: 174000 | Y9: 119000 | Z9: 119000 | AA9: 119000 | AB9: 119000 | AC9: 119000 | AD9: 137000 | AE9: 174000 | AF9: 119000 | AG9: 119000 | AH9: 119000
A10: 설악 쏘라노 | B10: FTB | C10: 디럭스(트윈베드) | D10: 205000 | E10: 119000 | F10: 119000 | G10: 119000 | H10: 119000 | I10: 137000 | J10: 174000 | K10: 119000 | L10: 119000 | M10: 119000 | N10: 119000 | O10: 119000 | P10: 137000 | Q10: 174000 | R10: 119000 | S10: 119000 | T10: 119000 | U10: 119000 | V10: 119000 | W10: 137000 | X10: 174000 | Y10: 119000 | Z10: 119000 | AA10: 119000 | AB10: 119000 | AC10: 119000 | AD10: 137000 | AE10: 174000 | AF10: 119000 | AG10: 119000 | AH10: 119000
A11: 설악 쏘라노 | B11: FTL | C11: 디럭스(트윈베드_호텔형) | D11: 205000 | E11: 119000 | F11: 119000 | G11: 119000 | H11: 119000 | I11: 137000 | J11: 174000 | K11: 119000 | L11: 119000 | M11: 119000 | N11: 119000 | O11: 119000 | P11: 137000 | Q11: 174000 | R11: 119000 | S11: 119000 | T11: 119000 | U11: 119000 | V11: 119000 | W11: 137000 | X11: 174000 | Y11: 119000 | Z11: 119000 | AA11: 119000 | AB11: 119000 | AC11: 119000 | AD11: 137000 | AE11: 174000 | AF11: 119000 | AG11: 119000 | AH11: 119000
A12: 설악 쏘라노 | B12: TH1 | C12: 디럭스(티니핑 프린세스룸_호텔형) | D12: 254000 | E12: 140000 | F12: 140000 | G12: 140000 | H12: 140000 | I12: 181000 | J12: 222000 | K12: 140000 | L12: 140000 | M12: 140000 | N12: 140000 | O12: 140000 | P12: 181000 | Q12: 222000 | R12: 140000 | S12: 140000 | T12: 140000 | U12: 140000 | V12: 140000 | W12: 181000 | X12: 222000 | Y12: 140000 | Z12: 140000 | AA12: 140000 | AB12: 140000 | AC12: 140000 | AD12: 181000 | AE12: 222000 | AF12: 140000 | AG12: 140000 | AH12: 140000
A13: 설악 쏘라노 | B13: TH2 | C13: 디럭스(티니핑 연구소룸_호텔형) | D13: 254000 | E13: 140000 | F13: 140000 | G13: 140000 | H13: 140000 | I13: 181000 | J13: 222000 | K13: 140000 | L13: 140000 | M13: 140000 | N13: 140000 | O13: 140000 | P13: 181000 | Q13: 222000 | R13: 140000 | S13: 140000 | T13: 140000 | U13: 140000 | V13: 140000 | W13: 181000 | X13: 222000 | Y13: 140000 | Z13: 140000 | AA13: 140000 | AB13: 140000 | AC13: 140000 | AD13: 181000 | AE13: 222000 | AF13: 140000 | AG13: 140000 | AH13: 140000
A14: 설악 쏘라노 | B14: TH3 | C14: 디럭스(티니핑 슈팅스타룸_호텔형) | D14: 254000 | E14: 140000 | F14: 140000 | G14: 140000 | H14: 140000 | I14: 181000 | J14: 222000 | K14: 140000 | L14: 140000 | M14: 140000 | N14: 140000 | O14: 140000 | P14: 181000 | Q14: 222000 | R14: 140000 | S14: 140000 | T14: 140000 | U14: 140000 | V14: 140000 | W14: 181000 | X14: 222000 | Y14: 140000 | Z14: 140000 | AA14: 140000 | AB14: 140000 | AC14: 140000 | AD14: 181000 | AE14: 222000 | AF14: 140000 | AG14: 140000 | AH14: 140000
A15: 설악 쏘라노 | B15: RYL | C15: 로얄 | D15: 328000 | E15: 190000 | F15: 190000 | G15: 190000 | H15: 190000 | I15: 219000 | J15: 279000 | K15: 190000 | L15: 190000 | M15: 190000 | N15: 190000 | O15: 190000 | P15: 219000 | Q15: 279000 | R15: 190000 | S15: 190000 | T15: 190000 | U15: 190000 | V15: 190000 | W15: 219000 | X15: 279000 | Y15: 190000 | Z15: 190000 | AA15: 190000 | AB15: 190000 | AC15: 190000 | AD15: 219000 | AE15: 279000 | AF15: 190000 | AG15: 190000 | AH15: 190000
A16: 설악 쏘라노 | B16: RMO | C16: 로얄(모던) | D16: 369000 | E16: 211000 | F16: 211000 | G16: 211000 | H16: 211000 | I16: 256000 | J16: 319000 | K16: 211000 | L16: 211000 | M16: 211000 | N16: 211000 | O16: 211000 | P16: 256000 | Q16: 319000 | R16: 211000 | S16: 211000 | T16: 211000 | U16: 211000 | V16: 211000 | W16: 256000 | X16: 319000 | Y16: 211000 | Z16: 211000 | AA16: 211000 | AB16: 211000 | AC16: 211000 | AD16: 256000 | AE16: 319000 | AF16: 211000 | AG16: 211000 | AH16: 211000
... A19: 영업장명 | B19: 객실타입 | C19: 객실명 | D19: 46082 | E19: 46083 | F19: 46084 | G19: 46085 | H19: 46086 | I19: 46087 | J19: 46088 | K19: 46089 | L19: 46090 | M19: 46091 | N19: 46092 | O19: 46093 | P19: 46094 | Q19: 46095 | R19: 46096 | S19: 46097 | T19: 46098 | U19: 46099 | V19: 46100 | W19: 46101 | X19: 46102 | Y19: 46103 | Z19: 46104 | AA19: 46105 | AB19: 46106 | AC19: 46107 | AD19: 46108 | AE19: 46109 | AF19: 46110 | AG19: 46111 | AH19: 46112
D20: =D19 -> 46082 | E20: =E19 -> 46083 | F20: =F19 -> 46084 | G20: =G19 -> 46085 | H20: =H19 -> 46086 | I20: =I19 -> 46087 | J20: =J19 -> 46088 | K20: =K19 -> 46089 | ... AH20: =AH19 -> 46112
D21: 봄 극성수기 연휴 | E21: 봄 비수기 월요일 | F21: 봄 비수기 화요일 | G21: 봄 비수기 수요일 | H21: 봄 비수기 목요일 | I21: 봄 비수기 준주말 | J21: 봄 비수기 주말 | K21: 봄 비수기 일요일 | L21: 봄 비수기 월요일 | M21: 봄 비수기 화요일 | N21: 봄 비수기 수요일 | O21: 봄 비수기 목요일 | P21: 봄 비수기 준주말 | Q21: 봄 비수기 주말 | R21: 봄 비수기 일요일 | S21: 봄 비수기 월요일 | T21: 봄 비수기 화요일 | U21: 봄 비수기 수요일 | V21: 봄 비수기 목요일 | W21: 봄 비수기 준주말 | X21: 봄 비수기 주말 | Y21: 봄 비수기 일요일 | Z21: 봄 비수기 월요일 | AA21: 봄 비수기 화요일 | AB21: 봄 비수기 수요일 | AC21: 봄 비수기 목요일 | AD21: 봄 비수기 준주말 | AE21: 봄 비수기 주말 | AF21: 봄 비수기 일요일 | AG21: 봄 비수기 월요일 | AH21: 봄 비수기 화요일
A22: 설악 별관 | B22: FAM | C22: 디럭스 | D22: 155000 | E22: 87000 | F22: 87000 | G22: 87000 | H22: 87000 | I22: 96000 | J22: 114000 | K22: 87000 | L22: 87000 | M22: 87000 | N22: 87000 | O22: 87000 | P22: 96000 | Q22: 114000 | R22: 87000 | S22: 87000 | T22: 87000 | U22: 87000 | V22: 87000 | W22: 96000 | X22: 114000 | Y22: 87000 | Z22: 87000 | AA22: 87000 | AB22: 87000 | AC22: 87000 | AD22: 96000 | AE22: 114000 | AF22: 87000 | AG22: 87000 | AH22: 87000
A23: 설악 별관 | B23: RYL | C23: 로얄 | D23: 248000 | E23: 138000 | F23: 138000 | G23: 138000 | H23: 138000 | I23: 153000 | J23: 182000 | K23: 138000 | L23: 138000 | M23: 138000 | N23: 138000 | O23: 138000 | P23: 153000 | Q23: 182000 | R23: 138000 | S23: 138000 | T23: 138000 | U23: 138000 | V23: 138000 | W23: 153000 | X23: 182000 | Y23: 138000 | Z23: 138000 | AA23: 138000 | AB23: 138000 | AC23: 138000 | AD23: 153000 | AE23: 182000 | AF23: 138000 | AG23: 138000 | AH23: 138000
A24: 영업장명 | B24: 객실타입 | C24: 객실명 | D24: 46082 | E24: 46083 | F24: 46084 | G24: 46085 | H24: 46086 | I24: 46087 | J24: 46088 | K24: 46089 | L24: 46090 | M24: 46091 | N24: 46092 | O24: 46093 | P24: 46094 | Q24: 46095 | R24: 46096 | S24: 46097 | T24: 46098 | U24: 46099 | V24: 46100 | W24: 46101 | X24: 46102 | Y24: 46103 | Z24: 46104 | AA24: 46105 | AB24: 46106 | AC24: 46107 | AD24: 46108 | AE24: 46109 | AF24: 46110 | AG24: 46111 | AH24: 46112
D25: =D24 -> 46082 | E25: =E24 -> 46083 | F25: =F24 -> 46084 | G25: =G24 -> 46085 | H25: =H24 -> 46086 | I25: =I24 -> 46087 | J25: =J24 -> 46088 | K25: =K24 -> 46089 | ... AH25: =AH24 -> 46112
D26: 봄 극성수기 연휴 | E26: 봄 비수기 월요일 | F26: 봄 비수기 화요일 | G26: 봄 비수기 수요일 | H26: 봄 비수기 목요일 | I26: 봄 비수기 준주말 | J26: 봄 비수기 주말 | K26: 봄 비수기 일요일 | L26: 봄 비수기 월요일 | M26: 봄 비수기 화요일 | N26: 봄 비수기 수요일 | O26: 봄 비수기 목요일 | P26: 봄 비수기 준주말 | Q26: 봄 비수기 주말 | R26: 봄 비수기 일요일 | S26: 봄 비수기 월요일 | T26: 봄 비수기 화요일 | U26: 봄 비수기 수요일 | V26: 봄 비수기 목요일 | W26: 봄 비수기 준주말 | X26: 봄 비수기 주말 | Y26: 봄 비수기 일요일 | Z26: 봄 비수기 월요일 | AA26: 봄 비수기 화요일 | AB26: 봄 비수기 수요일 | AC26: 봄 비수기 목요일 | AD26: 봄 비수기 준주말 | AE26: 봄 비수기 주말 | AF26: 봄 비수기 일요일 | AG26: 봄 비수기 월요일 | AH26: 봄 비수기 화요일
A27: 용인 베잔송 | B27: FAM | C27: 디럭스 | D27: 192000 | E27: 112000 | F27: 112000 | G27: 112000 | H27: 112000 | I27: 134000 | J27: 164000 | K27: 112000 | L27: 112000 | M27: 112000 | N27: 112000 | O27: 112000 | P27: 134000 | Q27: 164000 | R27: 112000 | S27: 112000 | T27: 112000 | U27: 112000 | V27: 112000 | W27: 134000 | X27: 164000 | Y27: 112000 | Z27: 112000 | AA27: 112000 | AB27: 112000 | AC27: 112000 | AD27: 134000 | AE27: 164000 | AF27: 112000 | AG27: 112000 | AH27: 112000
A28: 용인 베잔송 | B28: HTL | C28: 디럭스(호텔형) | D28: 192000 | E28: 112000 | F28: 112000 | G28: 112000 | H28: 112000 | I28: 134000 | J28: 164000 | K28: 112000 | L28: 112000 | M28: 112000 | N28: 112000 | O28: 112000 | P28: 134000 | Q28: 164000 | R28: 112000 | S28: 112000 | T28: 112000 | U28: 112000 | V28: 112000 | W28: 134000 | X28: 164000 | Y28: 112000 | Z28: 112000 | AA28: 112000 | AB28: 112000 | AC28: 112000 | AD28: 134000 | AE28: 164000 | AF28: 112000 | AG28: 112000 | AH28: 112000
A29: 용인 베잔송 | B29: FST | C29: 디럭스(싱글트윈) | D29: 192000 | E29: 112000 | F29: 112000 | G29: 112000 | H29: 112000 | I29: 134000 | J29: 164000 | K29: 112000 | L29: 112000 | M29: 112000 | N29: 112000 | O29: 112000 | P29: 134000 | Q29: 164000 | R29: 112000 | S29: 112000 | T29: 112000 | U29: 112000 | V29: 112000 | W29: 134000 | X29: 164000 | Y29: 112000 | Z29: 112000 | AA29: 112000 | AB29: 112000 | AC29: 112000 | AD29: 134000 | AE29: 164000 | AF29: 112000 | AG29: 112000 | AH29: 112000
A30: 용인 베잔송 | B30: TH1 | C30: 디럭스(티니핑 프린세스룸_호텔형) | D30: 240000 | E30: 133000 | F30: 133000 | G30: 133000 | H30: 133000 | I30: 179000 | J30: 212000 | K30: 133000 | L30: 133000 | M30: 133000 | N30: 133000 | O30: 133000 | P30: 179000 | Q30: 212000 | R30: 133000 | S30: 133000 | T30: 133000 | U30: 133000 | V30: 133000 | W30: 179000 | X30: 212000 | Y30: 133000 | Z30: 133000 | AA30: 133000 | AB30: 133000 | AC30: 133000 | AD30: 179000 | AE30: 212000 | AF30: 133000 | AG30: 133000 | AH30: 133000
A31: 용인 베잔송 | B31: TH2 | C31: 디럭스(티니핑 연구소룸_호텔형) | D31: 240000 | E31: 133000 | F31: 133000 | G31: 133000 | H31: 133000 | I31: 179000 | J31: 212000 | K31: 133000 | L31: 133000 | M31: 133000 | N31: 133000 | O31: 133000 | P31: 179000 | Q31: 212000 | R31: 133000 | S31: 133000 | T31: 133000 | U31: 133000 | V31: 133000 | W31: 179000 | X31: 212000 | Y31: 133000 | Z31: 133000 | AA31: 133000 | AB31: 133000 | AC31: 133000 | AD31: 179000 | AE31: 212000 | AF31: 133000 | AG31: 133000 | AH31: 133000
A32: 용인 베잔송 | B32: TH3 | C32: 디럭스(티니핑 슈팅스타룸_호텔형) | D32: 240000 | E32: 133000 | F32: 133000 | G32: 133000 | H32: 133000 | I32: 179000 | J32: 212000 | K32: 133000 | L32: 133000 | M32: 133000 | N32: 133000 | O32: 133000 | P32: 179000 | Q32: 212000 | R32: 133000 | S32: 133000 | T32: 133000 | U32: 133000 | V32: 133000 | W32: 179000 | X32: 212000 | Y32: 133000 | Z32: 133000 | AA32: 133000 | AB32: 133000 | AC32: 133000 | AD32: 179000 | AE32: 212000 | AF32: 133000 | AG32: 133000 | AH32: 133000
A33: 용인 베잔송 | B33: RYL | C33: 로얄 | D33: 307000 | E33: 180000 | F33: 180000 | G33: 180000 | H33: 180000 | I33: 215000 | J33: 263000 | K33: 180000 | L33: 180000 | M33: 180000 | N33: 180000 | O33: 180000 | P33: 215000 | Q33: 263000 | R33: 180000 | S33: 180000 | T33: 180000 | U33: 180000 | V33: 180000 | W33: 215000 | X33: 263000 | Y33: 180000 | Z33: 180000 | AA33: 180000 | AB33: 180000 | AC33: 180000 | AD33: 215000 | AE33: 263000 | AF33: 180000 | AG33: 180000 | AH33: 180000
A34: 영업장명 | B34: 객실타입 | C34: 객실명 | D34: 46082 | E34: 46083 | F34: 46084 | G34: 46085 | H34: 46086 | I34: 46087 | J34: 46088 | K34: 46089 | L34: 46090 | M34: 46091 | N34: 46092 | O34: 46093 | P34: 46094 | Q34: 46095 | R34: 46096 | S34: 46097 | T34: 46098 | U34: 46099 | V34: 46100 | W34: 46101 | X34: 46102 | Y34: 46103 | Z34: 46104 | AA34: 46105 | AB34: 46106 | AC34: 46107 | AD34: 46108 | AE34: 46109 | AF34: 46110 | AG34: 46111 | AH34: 46112
D35: =D34 -> 46082 | E35: =E34 -> 46083 | F35: =F34 -> 46084 | G35: =G34 -> 46085 | H35: =H34 -> 46086 | I35: =I34 -> 46087 | J35: =J34 -> 46088 | K35: =K34 -> 46089 | ... AH35: =AH34 -> 46112
D36: 봄 극성수기 연휴 | E36: 봄 비수기 월요일 | F36: 봄 비수기 화요일 | G36: 봄 비수기 수요일 | H36: 봄 비수기 목요일 | I36: 봄 비수기 준주말 | J36: 봄 비수기 주말 | K36: 봄 비수기 일요일 | L36: 봄 비수기 월요일 | M36: 봄 비수기 화요일 | N36: 봄 비수기 수요일 | O36: 봄 비수기 목요일 | P36: 봄 비수기 준주말 | Q36: 봄 비수기 주말 | R36: 봄 비수기 일요일 | S36: 봄 비수기 월요일 | T36: 봄 비수기 화요일 | U36: 봄 비수기 수요일 | V36: 봄 비수기 목요일 | W36: 봄 비수기 준주말 | X36: 봄 비수기 주말 | Y36: 봄 비수기 일요일 | Z36: 봄 비수기 월요일 | AA36: 봄 비수기 화요일 | AB36: 봄 비수기 수요일 | AC36: 봄 비수기 목요일 | AD36: 봄 비수기 준주말 | AE36: 봄 비수기 주말 | AF36: 봄 비수기 일요일 | AG36: 봄 비수기 월요일 | AH36: 봄 비수기 화요일
A37: 산정호수 안시 | B37: FAM | C37: 디럭스 | D37: 200000 | E37: 118000 | F37: 118000 | G37: 118000 | H37: 118000 | I37: 141000 | J37: 175000 | K37: 118000 | L37: 118000 | M37: 118000 | N37: 118000 | O37: 118000 | P37: 141000 | Q37: 175000 | R37: 118000 | S37: 118000 | T37: 118000 | U37: 118000 | V37: 118000 | W37: 141000 | X37: 175000 | Y37: 118000 | Z37: 118000 | AA37: 118000 | AB37: 118000 | AC37: 118000 | AD37: 141000 | AE37: 175000 | AF37: 118000 | AG37: 118000 | AH37: 118000
A38: 산정호수 안시 | B38: HTL | C38: 디럭스(호텔형) | D38: 200000 | E38: 118000 | F38: 118000 | G38: 118000 | H38: 118000 | I38: 141000 | J38: 175000 | K38: 118000 | L38: 118000 | M38: 118000 | N38: 118000 | O38: 118000 | P38: 141000 | Q38: 175000 | R38: 118000 | S38: 118000 | T38: 118000 | U38: 118000 | V38: 118000 | W38: 141000 | X38: 175000 | Y38: 118000 | Z38: 118000 | AA38: 118000 | AB38: 118000 | AC38: 118000 | AD38: 141000 | AE38: 175000 | AF38: 118000 | AG38: 118000 | AH38: 118000
A39: 산정호수 안시 | B39: FST | C39: 디럭스(싱글트윈) | D39: 200000 | E39: 118000 | F39: 118000 | G39: 118000 | H39: 118000 | I39: 141000 | J39: 175000 | K39: 118000 | L39: 118000 | M39: 118000 | N39: 118000 | O39: 118000 | P39: 141000 | Q39: 175000 | R39: 118000 | S39: 118000 | T39: 118000 | U39: 118000 | V39: 118000 | W39: 141000 | X39: 175000 | Y39: 118000 | Z39: 118000 | AA39: 118000 | AB39: 118000 | AC39: 118000 | AD39: 141000 | AE39: 175000 | AF39: 118000 | AG39: 118000 | AH39: 118000
A40: 산정호수 안시 | B40: RYL | C40: 로얄 | D40: 319000 | E40: 189000 | F40: 189000 | G40: 189000 | H40: 189000 | I40: 225000 | J40: 280000 | K40: 189000 | L40: 189000 | M40: 189000 | N40: 189000 | O40: 189000 | P40: 225000 | Q40: 280000 | R40: 189000 | S40: 189000 | T40: 189000 | U40: 189000 | V40: 189000 | W40: 225000 | X40: 280000 | Y40: 189000 | Z40: 189000 | AA40: 189000 | AB40: 189000 | AC40: 189000 | AD40: 225000 | AE40: 280000 | AF40: 189000 | AG40: 189000 | AH40: 189000
A41: 영업장명 | B41: 객실타입 | C41: 객실명 | D41: 46082 | E41: 46083 | F41: 46084 | G41: 46085 | H41: 46086 | I41: 46087 | J41: 46088 | K41: 46089 | L41: 46090 | M41: 46091 | N41: 46092 | O41: 46093 | P41: 46094 | Q41: 46095 | R41: 46096 | S41: 46097 | T41: 46098 | U41: 46099 | V41: 46100 | W41: 46101 | X41: 46102 | Y41: 46103 | Z41: 46104 | AA41: 46105 | AB41: 46106 | AC41: 46107 | AD41: 46108 | AE41: 46109 | AF41: 46110 | AG41: 46111 | AH41: 46112
D42: =D41 -> 46082 | E42: =E41 -> 46083 | F42: =F41 -> 46084 | G42: =G41 -> 46085 | H42: =H41 -> 46086 | I42: =I41 -> 46087 | J42: =J41 -> 46088 | K42: =K41 -> 46089 | ... AH42: =AH41 -> 46112
D43: 봄 극성수기 연휴 | E43: 봄 비수기 월요일 | F43: 봄 비수기 화요일 | G43: 봄 비수기 수요일 | H43: 봄 비수기 목요일 | I43: 봄 비수기 준주말 | J43: 봄 비수기 주말 | K43: 봄 비수기 일요일 | L43: 봄 비수기 월요일 | M43: 봄 비수기 화요일 | N43: 봄 비수기 수요일 | O43: 봄 비수기 목요일 | P43: 봄 비수기 준주말 | Q43: 봄 비수기 주말 | R43: 봄 비수기 일요일 | S43: 봄 비수기 월요일 | T43: 봄 비수기 화요일 | U43: 봄 비수기 수요일 | V43: 봄 비수기 목요일 | W43: 봄 비수기 준주말 | X43: 봄 비수기 주말 | Y43: 봄 비수기 일요일 | Z43: 봄 비수기 월요일 | AA43: 봄 비수기 화요일 | AB43: 봄 비수기 수요일 | AC43: 봄 비수기 목요일 | AD43: 봄 비수기 준주말 | AE43: 봄 비수기 주말 | AF43: 봄 비수기 일요일 | AG43: 봄 비수기 월요일 | AH43: 봄 비수기 화요일
A44: 해운대 | B44: HTJ | C44: 디럭스(원룸_재즈_호텔형) | D44: 229000 | E44: 156000 | F44: 156000 | G44: 156000 | H44: 156000 | I44: 182000 | J44: 207000 | K44: 156000 | L44: 156000 | M44: 156000 | N44: 156000 | O44: 156000 | P44: 182000 | Q44: 207000 | R44: 156000 | S44: 156000 | T44: 156000 | U44: 156000 | V44: 156000 | W44: 182000 | X44: 207000 | Y44: 156000 | Z44: 156000 | AA44: 156000 | AB44: 156000 | AC44: 156000 | AD44: 182000 | AE44: 207000 | AF44: 156000 | AG44: 156000 | AH44: 156000
A45: 해운대 | B45: HTP | C45: 디럭스(원룸_팝_호텔형) | D45: 229000 | E45: 156000 | F45: 156000 | G45: 156000 | H45: 156000 | I45: 182000 | J45: 207000 | K45: 156000 | L45: 156000 | M45: 156000 | N45: 156000 | O45: 156000 | P45: 182000 | Q45: 207000 | R45: 156000 | S45: 156000 | T45: 156000 | U45: 156000 | V45: 156000 | W45: 182000 | X45: 207000 | Y45: 156000 | Z45: 156000 | AA45: 156000 | AB45: 156000 | AC45: 156000 | AD45: 182000 | AE45: 207000 | AF45: 156000 | AG45: 156000 | AH45: 156000
A46: 해운대 | B46: FOR | C46: 디럭스(오륙도뷰) | D46: 225000 | E46: 152000 | F46: 152000 | G46: 152000 | H46: 152000 | I46: 178000 | J46: 203000 | K46: 152000 | L46: 152000 | M46: 152000 | N46: 152000 | O46: 152000 | P46: 178000 | Q46: 203000 | R46: 152000 | S46: 152000 | T46: 152000 | U46: 152000 | V46: 152000 | W46: 178000 | X46: 203000 | Y46: 152000 | Z46: 152000 | AA46: 152000 | AB46: 152000 | AC46: 152000 | AD46: 178000 | AE46: 203000 | AF46: 152000 | AG46: 152000 | AH46: 152000
A47: 해운대 | B47: FOB | C47: 디럭스(오륙도뷰_알앤비_호텔형) | D47: 250000 | E47: 174000 | F47: 174000 | G47: 174000 | H47: 174000 | I47: 202000 | J47: 227000 | K47: 174000 | L47: 174000 | M47: 174000 | N47: 174000 | O47: 174000 | P47: 202000 | Q47: 227000 | R47: 174000 | S47: 174000 | T47: 174000 | U47: 174000 | V47: 174000 | W47: 202000 | X47: 227000 | Y47: 174000 | Z47: 174000 | AA47: 174000 | AB47: 174000 | AC47: 174000 | AD47: 202000 | AE47: 227000 | AF47: 174000 | AG47: 174000 | AH47: 174000
A48: 해운대 | B48: HTL | C48: 패밀리(원룸_호텔형) | D48: 205000 | E48: 134000 | F48: 134000 | G48: 134000 | H48: 134000 | I48: 158000 | J48: 183000 | K48: 134000 | L48: 134000 | M48: 134000 | N48: 134000 | O48: 134000 | P48: 158000 | Q48: 183000 | R48: 134000 | S48: 134000 | T48: 134000 | U48: 134000 | V48: 134000 | W48: 158000 | X48: 183000 | Y48: 134000 | Z48: 134000 | AA48: 134000 | AB48: 134000 | AC48: 134000 | AD48: 158000 | AE48: 183000 | AF48: 134000 | AG48: 134000 | AH48: 134000
A49: 해운대 | B49: FAQ | C49: 디럭스(오션뷰_호텔형) | D49: 237000 | E49: 163000 | F49: 163000 | G49: 163000 | H49: 163000 | I49: 190000 | J49: 215000 | K49: 163000 | L49: 163000 | M49: 163000 | N49: 163000 | O49: 163000 | P49: 190000 | Q49: 215000 | R49: 163000 | S49: 163000 | T49: 163000 | U49: 163000 | V49: 163000 | W49: 190000 | X49: 215000 | Y49: 163000 | Z49: 163000 | AA49: 163000 | AB49: 163000 | AC49: 163000 | AD49: 190000 | AE49: 215000 | AF49: 163000 | AG49: 163000 | AH49: 163000
A50: 해운대 | B50: FQJ | C50: 디럭스(오션뷰_재즈_호텔형) | D50: 262000 | E50: 185000 | F50: 185000 | G50: 185000 | H50: 185000 | I50: 214000 | J50: 239000 | K50: 185000 | L50: 185000 | M50: 185000 | N50: 185000 | O50: 185000 | P50: 214000 | Q50: 239000 | R50: 185000 | S50: 185000 | T50: 185000 | U50: 185000 | V50: 185000 | W50: 214000 | X50: 239000 | Y50: 185000 | Z50: 185000 | AA50: 185000 | AB50: 185000 | AC50: 185000 | AD50: 214000 | AE50: 239000 | AF50: 185000 | AG50: 185000 | AH50: 185000
A51: 해운대 | B51: FAK | C51: 패밀리(키즈룸_원룸_호텔형) | D51: 229000 | E51: 156000 | F51: 156000 | G51: 156000 | H51: 156000 | I51: 182000 | J51: 207000 | K51: 156000 | L51: 156000 | M51: 156000 | N51: 156000 | O51: 156000 | P51: 182000 | Q51: 207000 | R51: 156000 | S51: 156000 | T51: 156000 | U51: 156000 | V51: 156000 | W51: 182000 | X51: 207000 | Y51: 156000 | Z51: 156000 | AA51: 156000 | AB51: 156000 | AC51: 156000 | AD51: 182000 | AE51: 207000 | AF51: 156000 | AG51: 156000 | AH51: 156000
A52: 해운대 | B52: HTT | C52: 패밀리(시네마_원룸_호텔형) | D52: 217000 | E52: 145000 | F52: 145000 | G52: 145000 | H52: 145000 | I52: 170000 | J52: 195000 | K52: 145000 | L52: 145000 | M52: 145000 | N52: 145000 | O52: 145000 | P52: 170000 | Q52: 195000 | R52: 145000 | S52: 145000 | T52: 145000 | U52: 145000 | V52: 145000 | W52: 170000 | X52: 195000 | Y52: 145000 | Z52: 145000 | AA52: 145000 | AB52: 145000 | AC52: 145000 | AD52: 170000 | AE52: 195000 | AF52: 145000 | AG52: 145000 | AH52: 145000
A53: 해운대 | B53: FAW | C53: 패밀리(워케이션_원룸_호텔형) | D53: 217000 | E53: 145000 | F53: 145000 | G53: 145000 | H53: 145000 | I53: 170000 | J53: 195000 | K53: 145000 | L53: 145000 | M53: 145000 | N53: 145000 | O53: 145000 | P53: 170000 | Q53: 195000 | R53: 145000 | S53: 145000 | T53: 145000 | U53: 145000 | V53: 145000 | W53: 170000 | X53: 195000 | Y53: 145000 | Z53: 145000 | AA53: 145000 | AB53: 145000 | AC53: 145000 | AD53: 170000 | AE53: 195000 | AF53: 145000 | AG53: 145000 | AH53: 145000
A54: 해운대 | B54: RYL | C54: 로얄(오션뷰) | D54: 360000 | E54: 243000 | F54: 243000 | G54: 243000 | H54: 243000 | I54: 271000 | J54: 324000 | K54: 243000 | L54: 243000 | M54: 243000 | N54: 243000 | O54: 243000 | P54: 271000 | Q54: 324000 | R54: 243000 | S54: 243000 | T54: 243000 | U54: 243000 | V54: 243000 | W54: 271000 | X54: 324000 | Y54: 243000 | Z54: 243000 | AA54: 243000 | AB54: 243000 | AC54: 243000 | AD54: 271000 | AE54: 324000 | AF54: 243000 | AG54: 243000 | AH54: 243000
A55: 해운대 | B55: RYH | C55: 로얄(힐링룸) | D55: 385000 | E55: 265000 | F55: 265000 | G55: 265000 | H55: 265000 | I55: 294000 | J55: 348000 | K55: 265000 | L55: 265000 | M55: 265000 | N55: 265000 | O55: 265000 | P55: 294000 | Q55: 348000 | R55: 265000 | S55: 265000 | T55: 265000 | U55: 265000 | V55: 265000 | W55: 294000 | X55: 348000 | Y55: 265000 | Z55: 265000 | AA55: 265000 | AB55: 265000 | AC55: 265000 | AD55: 294000 | AE55: 348000 | AF55: 265000 | AG55: 265000 | AH55: 265000
A56: 영업장명 | B56: 객실타입 | C56: 객실명 | D56: 46082 | E56: 46083 | F56: 46084 | G56: 46085 | H56: 46086 | I56: 46087 | J56: 46088 | K56: 46089 | L56: 46090 | M56: 46091 | N56: 46092 | O56: 46093 | P56: 46094 | Q56: 46095 | R56: 46096 | S56: 46097 | T56: 46098 | U56: 46099 | V56: 46100 | W56: 46101 | X56: 46102 | Y56: 46103 | Z56: 46104 | AA56: 46105 | AB56: 46106 | AC56: 46107 | AD56: 46108 | AE56: 46109 | AF56: 46110 | AG56: 46111 | AH56: 46112
D57: =D56 -> 46082 | E57: =E56 -> 46083 | F57: =F56 -> 46084 | G57: =G56 -> 46085 | H57: =H56 -> 46086 | I57: =I56 -> 46087 | J57: =J56 -> 46088 | K57: =K56 -> 46089 | ... AH57: =AH56 -> 46112
D58: 봄 극성수기 연휴 | E58: 봄 비수기 월요일 | F58: 봄 비수기 화요일 | G58: 봄 비수기 수요일 | H58: 봄 비수기 목요일 | I58: 봄 비수기 준주말 | J58: 봄 비수기 주말 | K58: 봄 비수기 일요일 | L58: 봄 비수기 월요일 | M58: 봄 비수기 화요일 | N58: 봄 비수기 수요일 | O58: 봄 비수기 목요일 | P58: 봄 비수기 준주말 | Q58: 봄 비수기 주말 | R58: 봄 비수기 일요일 | S58: 봄 비수기 월요일 | T58: 봄 비수기 화요일 | U58: 봄 비수기 수요일 | V58: 봄 비수기 목요일 | W58: 봄 비수기 준주말 | X58: 봄 비수기 주말 | Y58: 봄 비수기 일요일 | Z58: 봄 비수기 월요일 | AA58: 봄 비수기 화요일 | AB58: 봄 비수기 수요일 | AC58: 봄 비수기 목요일 | AD58: 봄 비수기 준주말 | AE58: 봄 비수기 주말 | AF58: 봄 비수기 일요일 | AG58: 봄 비수기 월요일 | AH58: 봄 비수기 화요일
A59: 대천 파로스 | B59: FAM | C59: 디럭스 | D59: 200000 | E59: 118000 | F59: 118000 | G59: 118000 | H59: 118000 | I59: 137000 | J59: 172000 | K59: 118000 | L59: 118000 | M59: 118000 | N59: 118000 | O59: 118000 | P59: 137000 | Q59: 172000 | R59: 118000 | S59: 118000 | T59: 118000 | U59: 118000 | V59: 118000 | W59: 137000 | X59: 172000 | Y59: 118000 | Z59: 118000 | AA59: 118000 | AB59: 118000 | AC59: 118000 | AD59: 137000 | AE59: 172000 | AF59: 118000 | AG59: 118000 | AH59: 118000
A60: 대천 파로스 | B60: DTL | C60: 디럭스(호텔형) | D60: 200000 | E60: 118000 | F60: 118000 | G60: 118000 | H60: 118000 | I60: 137000 | J60: 172000 | K60: 118000 | L60: 118000 | M60: 118000 | N60: 118000 | O60: 118000 | P60: 137000 | Q60: 172000 | R60: 118000 | S60: 118000 | T60: 118000 | U60: 118000 | V60: 118000 | W60: 137000 | X60: 172000 | Y60: 118000 | Z60: 118000 | AA60: 118000 | AB60: 118000 | AC60: 118000 | AD60: 137000 | AE60: 172000 | AF60: 118000 | AG60: 118000 | AH60: 118000
A61: 대천 파로스 | B61: FAQ | C61: 디럭스(오션뷰) | D61: 233000 | E61: 146000 | F61: 146000 | G61: 146000 | H61: 146000 | I61: 166000 | J61: 204000 | K61: 146000 | L61: 146000 | M61: 146000 | N61: 146000 | O61: 146000 | P61: 166000 | Q61: 204000 | R61: 146000 | S61: 146000 | T61: 146000 | U61: 146000 | V61: 146000 | W61: 166000 | X61: 204000 | Y61: 146000 | Z61: 146000 | AA61: 146000 | AB61: 146000 | AC61: 146000 | AD61: 166000 | AE61: 204000 | AF61: 146000 | AG61: 146000 | AH61: 146000
A62: 대천 파로스 | B62: DHQ | C62: 디럭스(호텔형_오션뷰) | D62: 233000 | E62: 146000 | F62: 146000 | G62: 146000 | H62: 146000 | I62: 166000 | J62: 204000 | K62: 146000 | L62: 146000 | M62: 146000 | N62: 146000 | O62: 146000 | P62: 166000 | Q62: 204000 | R62: 146000 | S62: 146000 | T62: 146000 | U62: 146000 | V62: 146000 | W62: 166000 | X62: 204000 | Y62: 146000 | Z62: 146000 | AA62: 146000 | AB62: 146000 | AC62: 146000 | AD62: 166000 | AE62: 204000 | AF62: 146000 | AG62: 146000 | AH62: 146000
A63: 대천 파로스 | B63: PO1 | C63: 디럭스(뽀로로 MAKE) | D63: 228000 | E63: 129000 | F63: 129000 | G63: 129000 | H63: 129000 | I63: 163000 | J63: 200000 | K63: 129000 | L63: 129000 | M63: 129000 | N63: 129000 | O63: 129000 | P63: 163000 | Q63: 200000 | R63: 129000 | S63: 129000 | T63: 129000 | U63: 129000 | V63: 129000 | W63: 163000 | X63: 200000 | Y63: 129000 | Z63: 129000 | AA63: 129000 | AB63: 129000 | AC63: 129000 | AD63: 163000 | AE63: 200000 | AF63: 129000 | AG63: 129000 | AH63: 129000
A64: 대천 파로스 | B64: PO2 | C64: 디럭스(뽀로로 READ) | D64: 228000 | E64: 129000 | F64: 129000 | G64: 129000 | H64: 129000 | I64: 163000 | J64: 200000 | K64: 129000 | L64: 129000 | M64: 129000 | N64: 129000 | O64: 129000 | P64: 163000 | Q64: 200000 | R64: 129000 | S64: 129000 | T64: 129000 | U64: 129000 | V64: 129000 | W64: 163000 | X64: 200000 | Y64: 129000 | Z64: 129000 | AA64: 129000 | AB64: 129000 | AC64: 129000 | AD64: 163000 | AE64: 200000 | AF64: 129000 | AG64: 129000 | AH64: 129000
A65: 대천 파로스 | B65: PO5 | C65: 디럭스(뽀로로 PEEKABOO) | D65: 228000 | E65: 129000 | F65: 129000 | G65: 129000 | H65: 129000 | I65: 163000 | J65: 200000 | K65: 129000 | L65: 129000 | M65: 129000 | N65: 129000 | O65: 129000 | P65: 163000 | Q65: 200000 | R65: 129000 | S65: 129000 | T65: 129000 | U65: 129000 | V65: 129000 | W65: 163000 | X65: 200000 | Y65: 129000 | Z65: 129000 | AA65: 129000 | AB65: 129000 | AC65: 129000 | AD65: 163000 | AE65: 200000 | AF65: 129000 | AG65: 129000 | AH65: 129000
A66: 대천 파로스 | B66: DLC | C66: 디럭스(시네마_원룸_호텔형) | D66: 241000 | E66: 153000 | F66: 153000 | G66: 153000 | H66: 153000 | I66: 174000 | J66: 212000 | K66: 153000 | L66: 153000 | M66: 153000 | N66: 153000 | O66: 153000 | P66: 174000 | Q66: 212000 | R66: 153000 | S66: 153000 | T66: 153000 | U66: 153000 | V66: 153000 | W66: 174000 | X66: 212000 | Y66: 153000 | Z66: 153000 | AA66: 153000 | AB66: 153000 | AC66: 153000 | AD66: 174000 | AE66: 212000 | AF66: 153000 | AG66: 153000 | AH66: 153000
A67: 대천 파로스 | B67: SUI | C67: 스위트 | D67: 240000 | E67: 142000 | F67: 142000 | G67: 142000 | H67: 142000 | I67: 164000 | J67: 207000 | K67: 142000 | L67: 142000 | M67: 142000 | N67: 142000 | O67: 142000 | P67: 164000 | Q67: 207000 | R67: 142000 | S67: 142000 | T67: 142000 | U67: 142000 | V67: 142000 | W67: 164000 | X67: 207000 | Y67: 142000 | Z67: 142000 | AA67: 142000 | AB67: 142000 | AC67: 142000 | AD67: 164000 | AE67: 207000 | AF67: 142000 | AG67: 142000 | AH67: 142000
A68: 대천 파로스 | B68: SHI | C68: 스위트(호텔형) | D68: 240000 | E68: 142000 | F68: 142000 | G68: 142000 | H68: 142000 | I68: 164000 | J68: 207000 | K68: 142000 | L68: 142000 | M68: 142000 | N68: 142000 | O68: 142000 | P68: 164000 | Q68: 207000 | R68: 142000 | S68: 142000 | T68: 142000 | U68: 142000 | V68: 142000 | W68: 164000 | X68: 207000 | Y68: 142000 | Z68: 142000 | AA68: 142000 | AB68: 142000 | AC68: 142000 | AD68: 164000 | AE68: 207000 | AF68: 142000 | AG68: 142000 | AH68: 142000
A69: 대천 파로스 | B69: SUQ | C69: 스위트(오션뷰) | D69: 273000 | E69: 170000 | F69: 170000 | G69: 170000 | H69: 170000 | I69: 194000 | J69: 239000 | K69: 170000 | L69: 170000 | M69: 170000 | N69: 170000 | O69: 170000 | P69: 194000 | Q69: 239000 | R69: 170000 | S69: 170000 | T69: 170000 | U69: 170000 | V69: 170000 | W69: 194000 | X69: 239000 | Y69: 170000 | Z69: 170000 | AA69: 170000 | AB69: 170000 | AC69: 170000 | AD69: 194000 | AE69: 239000 | AF69: 170000 | AG69: 170000 | AH69: 170000
A70: 대천 파로스 | B70: SHQ | C70: 스위트(호텔형_오션뷰) | D70: 273000 | E70: 170000 | F70: 170000 | G70: 170000 | H70: 170000 | I70: 194000 | J70: 239000 | K70: 170000 | L70: 170000 | M70: 170000 | N70: 170000 | O70: 170000 | P70: 194000 | Q70: 239000 | R70: 170000 | S70: 170000 | T70: 170000 | U70: 170000 | V70: 170000 | W70: 194000 | X70: 239000 | Y70: 170000 | Z70: 170000 | AA70: 170000 | AB70: 170000 | AC70: 170000 | AD70: 194000 | AE70: 239000 | AF70: 170000 | AG70: 170000 | AH70: 170000
... A74: 영업장명 | B74: 객실타입 | C74: 객실명 | D74: 46082 | E74: 46083 | F74: 46084 | G74: 46085 | H74: 46086 | I74: 46087 | J74: 46088 | K74: 46089 | L74: 46090 | M74: 46091 | N74: 46092 | O74: 46093 | P74: 46094 | Q74: 46095 | R74: 46096 | S74: 46097 | T74: 46098 | U74: 46099 | V74: 46100 | W74: 46101 | X74: 46102 | Y74: 46103 | Z74: 46104 | AA74: 46105 | AB74: 46106 | AC74: 46107 | AD74: 46108 | AE74: 46109 | AF74: 46110 | AG74: 46111 | AH74: 46112
D75: =D74 -> 46082 | E75: =E74 -> 46083 | F75: =F74 -> 46084 | G75: =G74 -> 46085 | H75: =H74 -> 46086 | I75: =I74 -> 46087 | J75: =J74 -> 46088 | K75: =K74 -> 46089 | ... AH75: =AH74 -> 46112
D76: 봄 극성수기 연휴 | E76: 봄 비수기 월요일 | F76: 봄 비수기 화요일 | G76: 봄 비수기 수요일 | H76: 봄 비수기 목요일 | I76: 봄 비수기 준주말 | J76: 봄 비수기 주말 | K76: 봄 비수기 일요일 | L76: 봄 비수기 월요일 | M76: 봄 비수기 화요일 | N76: 봄 비수기 수요일 | O76: 봄 비수기 목요일 | P76: 봄 비수기 준주말 | Q76: 봄 비수기 주말 | R76: 봄 비수기 일요일 | S76: 봄 비수기 월요일 | T76: 봄 비수기 화요일 | U76: 봄 비수기 수요일 | V76: 봄 비수기 목요일 | W76: 봄 비수기 준주말 | X76: 봄 비수기 주말 | Y76: 봄 비수기 일요일 | Z76: 봄 비수기 월요일 | AA76: 봄 비수기 화요일 | AB76: 봄 비수기 수요일 | AC76: 봄 비수기 목요일 | AD76: 봄 비수기 준주말 | AE76: 봄 비수기 주말 | AF76: 봄 비수기 일요일 | AG76: 봄 비수기 월요일 | AH76: 봄 비수기 화요일
A77: 경주 에톤 | B77: FAM | C77: 디럭스 | D77: 200000 | E77: 129000 | F77: 129000 | G77: 129000 | H77: 129000 | I77: 142000 | J77: 172000 | K77: 129000 | L77: 129000 | M77: 129000 | N77: 129000 | O77: 129000 | P77: 142000 | Q77: 172000 | R77: 129000 | S77: 129000 | T77: 129000 | U77: 129000 | V77: 129000 | W77: 142000 | X77: 172000 | Y77: 129000 | Z77: 129000 | AA77: 129000 | AB77: 129000 | AC77: 129000 | AD77: 142000 | AE77: 172000 | AF77: 129000 | AG77: 129000 | AH77: 129000
A78: 경주 에톤 | B78: HTL | C78: 디럭스(호텔형) | D78: 200000 | E78: 129000 | F78: 129000 | G78: 129000 | H78: 129000 | I78: 142000 | J78: 172000 | K78: 129000 | L78: 129000 | M78: 129000 | N78: 129000 | O78: 129000 | P78: 142000 | Q78: 172000 | R78: 129000 | S78: 129000 | T78: 129000 | U78: 129000 | V78: 129000 | W78: 142000 | X78: 172000 | Y78: 129000 | Z78: 129000 | AA78: 129000 | AB78: 129000 | AC78: 129000 | AD78: 142000 | AE78: 172000 | AF78: 129000 | AG78: 129000 | AH78: 129000
A79: 영업장명 | B79: 객실타입 | C79: 객실명 | D79: 46082 | E79: 46083 | F79: 46084 | G79: 46085 | H79: 46086 | I79: 46087 | J79: 46088 | K79: 46089 | L79: 46090 | M79: 46091 | N79: 46092 | O79: 46093 | P79: 46094 | Q79: 46095 | R79: 46096 | S79: 46097 | T79: 46098 | U79: 46099 | V79: 46100 | W79: 46101 | X79: 46102 | Y79: 46103 | Z79: 46104 | AA79: 46105 | AB79: 46106 | AC79: 46107 | AD79: 46108 | AE79: 46109 | AF79: 46110 | AG79: 46111 | AH79: 46112
D80: =D79 -> 46082 | E80: =E79 -> 46083 | F80: =F79 -> 46084 | G80: =G79 -> 46085 | H80: =H79 -> 46086 | I80: =I79 -> 46087 | J80: =J79 -> 46088 | K80: =K79 -> 46089 | ... AH80: =AH79 -> 46112
D81: 봄 극성수기 연휴 | E81: 봄 비수기 월요일 | F81: 봄 비수기 화요일 | G81: 봄 비수기 수요일 | H81: 봄 비수기 목요일 | I81: 봄 비수기 준주말 | J81: 봄 비수기 주말 | K81: 봄 비수기 일요일 | L81: 봄 비수기 월요일 | M81: 봄 비수기 화요일 | N81: 봄 비수기 수요일 | O81: 봄 비수기 목요일 | P81: 봄 비수기 준주말 | Q81: 봄 비수기 주말 | R81: 봄 비수기 일요일 | S81: 봄 비수기 월요일 | T81: 봄 비수기 화요일 | U81: 봄 비수기 수요일 | V81: 봄 비수기 목요일 | W81: 봄 비수기 준주말 | X81: 봄 비수기 주말 | Y81: 봄 비수기 일요일 | Z81: 봄 비수기 월요일 | AA81: 봄 비수기 화요일 | AB81: 봄 비수기 수요일 | AC81: 봄 비수기 목요일 | AD81: 봄 비수기 준주말 | AE81: 봄 비수기 주말 | AF81: 봄 비수기 일요일 | AG81: 봄 비수기 월요일 | AH81: 봄 비수기 화요일
A82: 경주 담톤 | B82: HTL | C82: 디럭스(호텔형) | D82: 200000 | E82: 129000 | F82: 129000 | G82: 129000 | H82: 129000 | I82: 142000 | J82: 172000 | K82: 129000 | L82: 129000 | M82: 129000 | N82: 129000 | O82: 129000 | P82: 142000 | Q82: 172000 | R82: 129000 | S82: 129000 | T82: 129000 | U82: 129000 | V82: 129000 | W82: 142000 | X82: 172000 | Y82: 129000 | Z82: 129000 | AA82: 129000 | AB82: 129000 | AC82: 129000 | AD82: 142000 | AE82: 172000 | AF82: 129000 | AG82: 129000 | AH82: 129000
A83: 경주 담톤 | B83: DMH | C83: 디럭스모던(호텔형) | D83: 233000 | E83: 152000 | F83: 152000 | G83: 152000 | H83: 152000 | I83: 174000 | J83: 204000 | K83: 152000 | L83: 152000 | M83: 152000 | N83: 152000 | O83: 152000 | P83: 174000 | Q83: 204000 | R83: 152000 | S83: 152000 | T83: 152000 | U83: 152000 | V83: 152000 | W83: 174000 | X83: 204000 | Y83: 152000 | Z83: 152000 | AA83: 152000 | AB83: 152000 | AC83: 152000 | AD83: 174000 | AE83: 204000 | AF83: 152000 | AG83: 152000 | AH83: 152000
A84: 경주 담톤 | B84: SUI | C84: 스위트 | D84: 240000 | E84: 155000 | F84: 155000 | G84: 155000 | H84: 155000 | I84: 171000 | J84: 207000 | K84: 155000 | L84: 155000 | M84: 155000 | N84: 155000 | O84: 155000 | P84: 171000 | Q84: 207000 | R84: 155000 | S84: 155000 | T84: 155000 | U84: 155000 | V84: 155000 | W84: 171000 | X84: 207000 | Y84: 155000 | Z84: 155000 | AA84: 155000 | AB84: 155000 | AC84: 155000 | AD84: 171000 | AE84: 207000 | AF84: 155000 | AG84: 155000 | AH84: 155000
A85: 경주 담톤 | B85: SP1 | C85: 스위트(뽀로로 MAKE) | D85: 269000 | E85: 166000 | F85: 166000 | G85: 166000 | H85: 166000 | I85: 199000 | J85: 235000 | K85: 166000 | L85: 166000 | M85: 166000 | N85: 166000 | O85: 166000 | P85: 199000 | Q85: 235000 | R85: 166000 | S85: 166000 | T85: 166000 | U85: 166000 | V85: 166000 | W85: 199000 | X85: 235000 | Y85: 166000 | Z85: 166000 | AA85: 166000 | AB85: 166000 | AC85: 166000 | AD85: 199000 | AE85: 235000 | AF85: 166000 | AG85: 166000 | AH85: 166000
A86: 경주 담톤 | B86: SP2 | C86: 스위트(뽀로로 READ) | D86: 269000 | E86: 166000 | F86: 166000 | G86: 166000 | H86: 166000 | I86: 199000 | J86: 235000 | K86: 166000 | L86: 166000 | M86: 166000 | N86: 166000 | O86: 166000 | P86: 199000 | Q86: 235000 | R86: 166000 | S86: 166000 | T86: 166000 | U86: 166000 | V86: 166000 | W86: 199000 | X86: 235000 | Y86: 166000 | Z86: 166000 | AA86: 166000 | AB86: 166000 | AC86: 166000 | AD86: 199000 | AE86: 235000 | AF86: 166000 | AG86: 166000 | AH86: 166000
A87: 경주 담톤 | B87: SP5 | C87: 스위트(뽀로로 PEEKABOO) | D87: 269000 | E87: 166000 | F87: 166000 | G87: 166000 | H87: 166000 | I87: 199000 | J87: 235000 | K87: 166000 | L87: 166000 | M87: 166000 | N87: 166000 | O87: 166000 | P87: 199000 | Q87: 235000 | R87: 166000 | S87: 166000 | T87: 166000 | U87: 166000 | V87: 166000 | W87: 199000 | X87: 235000 | Y87: 166000 | Z87: 166000 | AA87: 166000 | AB87: 166000 | AC87: 166000 | AD87: 199000 | AE87: 235000 | AF87: 166000 | AG87: 166000 | AH87: 166000
A88: 경주 담톤 | B88: RYL | C88: 로얄 | D88: 360000 | E88: 232000 | F88: 232000 | G88: 232000 | H88: 232000 | I88: 243000 | J88: 318000 | K88: 232000 | L88: 232000 | M88: 232000 | N88: 232000 | O88: 232000 | P88: 243000 | Q88: 318000 | R88: 232000 | S88: 232000 | T88: 232000 | U88: 232000 | V88: 232000 | W88: 243000 | X88: 318000 | Y88: 232000 | Z88: 232000 | AA88: 232000 | AB88: 232000 | AC88: 232000 | AD88: 243000 | AE88: 318000 | AF88: 232000 | AG88: 232000 | AH88: 232000
A89: 경주 담톤 | B89: GLA | C89: 프리미어 스위트(호텔형) | D89: 400000 | E89: 264000 | F89: 264000 | G89: 264000 | H89: 264000 | I89: 292000 | J89: 354000 | K89: 264000 | L89: 264000 | M89: 264000 | N89: 264000 | O89: 264000 | P89: 292000 | Q89: 354000 | R89: 264000 | S89: 264000 | T89: 264000 | U89: 264000 | V89: 264000 | W89: 292000 | X89: 354000 | Y89: 264000 | Z89: 264000 | AA89: 264000 | AB89: 264000 | AC89: 264000 | AD89: 292000 | AE89: 354000 | AF89: 264000 | AG89: 264000 | AH89: 264000
A90: 경주 담톤 | B90: GLK | C90: 프리미어 스위트(키즈_호텔형) | D90: 423000 | E90: 286000 | F90: 286000 | G90: 286000 | H90: 286000 | I90: 314000 | J90: 377000 | K90: 286000 | L90: 286000 | M90: 286000 | N90: 286000 | O90: 286000 | P90: 314000 | Q90: 377000 | R90: 286000 | S90: 286000 | T90: 286000 | U90: 286000 | V90: 286000 | W90: 314000 | X90: 377000 | Y90: 286000 | Z90: 286000 | AA90: 286000 | AB90: 286000 | AC90: 286000 | AD90: 314000 | AE90: 377000 | AF90: 286000 | AG90: 286000 | AH90: 286000
A91: 경주 담톤 | B91: GLC | C91: 프리미어 스위트(시네마_호텔형) | D91: 415000 | E91: 278000 | F91: 278000 | G91: 278000 | H91: 278000 | I91: 307000 | J91: 369000 | K91: 278000 | L91: 278000 | M91: 278000 | N91: 278000 | O91: 278000 | P91: 307000 | Q91: 369000 | R91: 278000 | S91: 278000 | T91: 278000 | U91: 278000 | V91: 278000 | W91: 307000 | X91: 369000 | Y91: 278000 | Z91: 278000 | AA91: 278000 | AB91: 278000 | AC91: 278000 | AD91: 307000 | AE91: 369000 | AF91: 278000 | AG91: 278000 | AH91: 278000
A92: 영업장명 | B92: 객실타입 | C92: 객실명 | D92: 46082 | E92: 46083 | F92: 46084 | G92: 46085 | H92: 46086 | I92: 46087 | J92: 46088 | K92: 46089 | L92: 46090 | M92: 46091 | N92: 46092 | O92: 46093 | P92: 46094 | Q92: 46095 | R92: 46096 | S92: 46097 | T92: 46098 | U92: 46099 | V92: 46100 | W92: 46101 | X92: 46102 | Y92: 46103 | Z92: 46104 | AA92: 46105 | AB92: 46106 | AC92: 46107 | AD92: 46108 | AE92: 46109 | AF92: 46110 | AG92: 46111 | AH92: 46112
D93: =D92 -> 46082 | E93: =E92 -> 46083 | F93: =F92 -> 46084 | G93: =G92 -> 46085 | H93: =H92 -> 46086 | I93: =I92 -> 46087 | J93: =J92 -> 46088 | K93: =K92 -> 46089 | ... AH93: =AH92 -> 46112
D94: 봄 극성수기 연휴 | E94: 봄 비수기 월요일 | F94: 봄 비수기 화요일 | G94: 봄 비수기 수요일 | H94: 봄 비수기 목요일 | I94: 봄 비수기 준주말 | J94: 봄 비수기 주말 | K94: 봄 비수기 일요일 | L94: 봄 비수기 월요일 | M94: 봄 비수기 화요일 | N94: 봄 비수기 수요일 | O94: 봄 비수기 목요일 | P94: 봄 비수기 준주말 | Q94: 봄 비수기 주말 | R94: 봄 비수기 일요일 | S94: 봄 비수기 월요일 | T94: 봄 비수기 화요일 | U94: 봄 비수기 수요일 | V94: 봄 비수기 목요일 | W94: 봄 비수기 준주말 | X94: 봄 비수기 주말 | Y94: 봄 비수기 일요일 | Z94: 봄 비수기 월요일 | AA94: 봄 비수기 화요일 | AB94: 봄 비수기 수요일 | AC94: 봄 비수기 목요일 | AD94: 봄 비수기 준주말 | AE94: 봄 비수기 주말 | AF94: 봄 비수기 일요일 | AG94: 봄 비수기 월요일 | AH94: 봄 비수기 화요일
A95: 제주 | B95: FAM | C95: 디럭스 | D95: 185000 | E95: 125000 | F95: 125000 | G95: 125000 | H95: 125000 | I95: 138000 | J95: 139000 | K95: 125000 | L95: 125000 | M95: 125000 | N95: 125000 | O95: 125000 | P95: 138000 | Q95: 139000 | R95: 125000 | S95: 125000 | T95: 125000 | U95: 125000 | V95: 125000 | W95: 138000 | X95: 139000 | Y95: 125000 | Z95: 125000 | AA95: 125000 | AB95: 125000 | AC95: 125000 | AD95: 138000 | AE95: 139000 | AF95: 125000 | AG95: 125000 | AH95: 125000
A96: 제주 | B96: HTL | C96: 디럭스(원룸_호텔형) | D96: 185000 | E96: 125000 | F96: 125000 | G96: 125000 | H96: 125000 | I96: 138000 | J96: 139000 | K96: 125000 | L96: 125000 | M96: 125000 | N96: 125000 | O96: 125000 | P96: 138000 | Q96: 139000 | R96: 125000 | S96: 125000 | T96: 125000 | U96: 125000 | V96: 125000 | W96: 138000 | X96: 139000 | Y96: 125000 | Z96: 125000 | AA96: 125000 | AB96: 125000 | AC96: 125000 | AD96: 138000 | AE96: 139000 | AF96: 125000 | AG96: 125000 | AH96: 125000
A97: 제주 | B97: DTL | C97: 디럭스(투룸_호텔형) | D97: 185000 | E97: 125000 | F97: 125000 | G97: 125000 | H97: 125000 | I97: 138000 | J97: 139000 | K97: 125000 | L97: 125000 | M97: 125000 | N97: 125000 | O97: 125000 | P97: 138000 | Q97: 139000 | R97: 125000 | S97: 125000 | T97: 125000 | U97: 125000 | V97: 125000 | W97: 138000 | X97: 139000 | Y97: 125000 | Z97: 125000 | AA97: 125000 | AB97: 125000 | AC97: 125000 | AD97: 138000 | AE97: 139000 | AF97: 125000 | AG97: 125000 | AH97: 125000
A98: 제주 | B98: FAK | C98: 디럭스(키즈룸) | D98: 209000 | E98: 147000 | F98: 147000 | G98: 147000 | H98: 147000 | I98: 159000 | J98: 160000 | K98: 147000 | L98: 147000 | M98: 147000 | N98: 147000 | O98: 147000 | P98: 159000 | Q98: 160000 | R98: 147000 | S98: 147000 | T98: 147000 | U98: 147000 | V98: 147000 | W98: 159000 | X98: 160000 | Y98: 147000 | Z98: 147000 | AA98: 147000 | AB98: 147000 | AC98: 147000 | AD98: 159000 | AE98: 160000 | AF98: 147000 | AG98: 147000 | AH98: 147000
A99: 제주 | B99: DLM | C99: 디럭스(멍패커_호텔형) | D99: 224000 | E99: 162000 | F99: 162000 | G99: 162000 | H99: 162000 | I99: 173000 | J99: 174000 | K99: 162000 | L99: 162000 | M99: 162000 | N99: 162000 | O99: 162000 | P99: 173000 | Q99: 174000 | R99: 162000 | S99: 162000 | T99: 162000 | U99: 162000 | V99: 162000 | W99: 173000 | X99: 174000 | Y99: 162000 | Z99: 162000 | AA99: 162000 | AB99: 162000 | AC99: 162000 | AD99: 173000 | AE99: 174000 | AF99: 162000 | AG99: 162000 | AH99: 162000
A100: 제주 | B100: SUI | C100: 스위트(호텔형) | D100: 223000 | E100: 150000 | F100: 150000 | G100: 150000 | H100: 150000 | I100: 166000 | J100: 167000 | K100: 150000 | L100: 150000 | M100: 150000 | N100: 150000 | O100: 150000 | P100: 166000 | Q100: 167000 | R100: 150000 | S100: 150000 | T100: 150000 | U100: 150000 | V100: 150000 | W100: 166000 | X100: 167000 | Y100: 150000 | Z100: 150000 | AA100: 150000 | AB100: 150000 | AC100: 150000 | AD100: 166000 | AE100: 167000 | AF100: 150000 | AG100: 150000 | AH100: 150000
A101: 제주 | B101: SUM | C101: 스위트(멍패커_호텔형) | D101: 262000 | E101: 187000 | F101: 187000 | G101: 187000 | H101: 187000 | I101: 201000 | J101: 202000 | K101: 187000 | L101: 187000 | M101: 187000 | N101: 187000 | O101: 187000 | P101: 201000 | Q101: 202000 | R101: 187000 | S101: 187000 | T101: 187000 | U101: 187000 | V101: 187000 | W101: 201000 | X101: 202000 | Y101: 187000 | Z101: 187000 | AA101: 187000 | AB101: 187000 | AC101: 187000 | AD101: 201000 | AE101: 202000 | AF101: 187000 | AG101: 187000 | AH101: 187000
A102: 영업장명 | B102: 객실타입 | C102: 객실명 | D102: 46082 | E102: 46083 | F102: 46084 | G102: 46085 | H102: 46086 | I102: 46087 | J102: 46088 | K102: 46089 | L102: 46090 | M102: 46091 | N102: 46092 | O102: 46093 | P102: 46094 | Q102: 46095 | R102: 46096 | S102: 46097 | T102: 46098 | U102: 46099 | V102: 46100 | W102: 46101 | X102: 46102 | Y102: 46103 | Z102: 46104 | AA102: 46105 | AB102: 46106 | AC102: 46107 | AD102: 46108 | AE102: 46109 | AF102: 46110 | AG102: 46111 | AH102: 46112
D103: =D102 -> 46082 | E103: =E102 -> 46083 | F103: =F102 -> 46084 | G103: =G102 -> 46085 | H103: =H102 -> 46086 | I103: =I102 -> 46087 | J103: =J102 -> 46088 | K103: =K102 -> 46089 | ... AH103: =AH102 -> 46112
D104: 봄 극성수기 연휴 | E104: 봄 비수기 월요일 | F104: 봄 비수기 화요일 | G104: 봄 비수기 수요일 | H104: 봄 비수기 목요일 | I104: 봄 비수기 준주말 | J104: 봄 비수기 주말 | K104: 봄 비수기 일요일 | L104: 봄 비수기 월요일 | M104: 봄 비수기 화요일 | N104: 봄 비수기 수요일 | O104: 봄 비수기 목요일 | P104: 봄 비수기 준주말 | Q104: 봄 비수기 주말 | R104: 봄 비수기 일요일 | S104: 봄 비수기 월요일 | T104: 봄 비수기 화요일 | U104: 봄 비수기 수요일 | V104: 봄 비수기 목요일 | W104: 봄 비수기 준주말 | X104: 봄 비수기 주말 | Y104: 봄 비수기 일요일 | Z104: 봄 비수기 월요일 | AA104: 봄 비수기 화요일 | AB104: 봄 비수기 수요일 | AC104: 봄 비수기 목요일 | AD104: 봄 비수기 준주말 | AE104: 봄 비수기 주말 | AF104: 봄 비수기 일요일 | AG104: 봄 비수기 월요일 | AH104: 봄 비수기 화요일
A105: 평창 | B105: SUI | C105: 스위트 | D105: 228000 | E105: 108000 | F105: 108000 | G105: 108000 | H105: 108000 | I105: 114000 | J105: 154000 | K105: 108000 | L105: 108000 | M105: 108000 | N105: 108000 | O105: 108000 | P105: 114000 | Q105: 154000 | R105: 108000 | S105: 108000 | T105: 108000 | U105: 108000 | V105: 108000 | W105: 114000 | X105: 154000 | Y105: 108000 | Z105: 108000 | AA105: 108000 | AB105: 108000 | AC105: 108000 | AD105: 114000 | AE105: 154000 | AF105: 108000 | AG105: 108000 | AH105: 108000
...

Sheet 4월(무기명)
A1: ■ 2026년 4월 - 무기명
A2: 영업장명 | B2: 객실타입 | C2: 객실명 | D2: 46113 | E2: 46114 | F2: 46115 | G2: 46116 | H2: 46117 | I2: 46118 | J2: 46119 | K2: 46120 | L2: 46121 | M2: 46122 | N2: 46123 | O2: 46124 | P2: 46125 | Q2: 46126 | R2: 46127 | S2: 46128 | T2: 46129 | U2: 46130 | V2: 46131 | W2: 46132 | X2: 46133 | Y2: 46134 | Z2: 46135 | AA2: 46136 | AB2: 46137 | AC2: 46138 | AD2: 46139 | AE2: 46140 | AF2: 46141 | AG2: 46142
D3: =D2 -> 46113 | E3: =E2 -> 46114 | F3: =F2 -> 46115 | G3: =G2 -> 46116 | H3: =H2 -> 46117 | I3: =I2 -> 46118 | J3: =J2 -> 46119 | K3: =K2 -> 46120 | ... AG3: =AG2 -> 46142
D4: 봄 비수기 수요일 | E4: 봄 비수기 목요일 | F4: 봄 비수기 준주말 | G4: 봄 비수기 주말 | H4: 봄 비수기 일요일 | I4: 봄 비수기 월요일 | J4: 봄 비수기 화요일 | K4: 봄 비수기 수요일 | L4: 봄 비수기 목요일 | M4: 봄 비수기 준주말 | N4: 봄 비수기 주말 | O4: 봄 비수기 일요일 | P4: 봄 비수기 월요일 | Q4: 봄 비수기 화요일 | R4: 봄 비수기 수요일 | S4: 봄 비수기 목요일 | T4: 봄 비수기 준주말 | U4: 봄 비수기 주말 | V4: 봄 비수기 일요일 | W4: 봄 비수기 월요일 | X4: 봄 비수기 화요일 | Y4: 봄 비수기 수요일 | Z4: 봄 비수기 목요일 | AA4: 봄 비수기 준주말 | AB4: 봄 비수기 주말 | AC4: 봄 비수기 일요일 | AD4: 봄 비수기 월요일 | AE4: 봄 비수기 화요일 | AF4: 봄 비수기 수요일 | AG4: 봄 비수기 목요일
A5: 설악 쏘라노 | B5: FAM | C5: 디럭스 | D5: 139000 | E5: 139000 | F5: 159000 | G5: 196000 | H5: 139000 | I5: 139000 | J5: 139000 | K5: 139000 | L5: 139000 | M5: 159000 | N5: 196000 | O5: 139000 | P5: 139000 | Q5: 139000 | R5: 139000 | S5: 139000 | T5: 159000 | U5: 196000 | V5: 139000 | W5: 139000 | X5: 139000 | Y5: 139000 | Z5: 139000 | AA5: 159000 | AB5: 196000 | AC5: 139000 | AD5: 139000 | AE5: 139000 | AF5: 139000 | AG5: 139000
A6: 설악 쏘라노 | B6: DMO | C6: 디럭스(모던) | D6: 169000 | E6: 169000 | F6: 209000 | G6: 246000 | H6: 169000 | I6: 169000 | J6: 169000 | K6: 169000 | L6: 169000 | M6: 209000 | N6: 246000 | O6: 169000 | P6: 169000 | Q6: 169000 | R6: 169000 | S6: 169000 | T6: 209000 | U6: 246000 | V6: 169000 | W6: 169000 | X6: 169000 | Y6: 169000 | Z6: 169000 | AA6: 209000 | AB6: 246000 | AC6: 169000 | AD6: 169000 | AE6: 169000 | AF6: 169000 | AG6: 169000
A7: 설악 쏘라노 | B7: FSS | C7: 디럭스(원룸) | D7: 139000 | E7: 139000 | F7: 159000 | G7: 196000 | H7: 139000 | I7: 139000 | J7: 139000 | K7: 139000 | L7: 139000 | M7: 159000 | N7: 196000 | O7: 139000 | P7: 139000 | Q7: 139000 | R7: 139000 | S7: 139000 | T7: 159000 | U7: 196000 | V7: 139000 | W7: 139000 | X7: 139000 | Y7: 139000 | Z7: 139000 | AA7: 159000 | AB7: 196000 | AC7: 139000 | AD7: 139000 | AE7: 139000 | AF7: 139000 | AG7: 139000
A8: 설악 쏘라노 | B8: HTE | C8: 디럭스(유러피언_원룸_호텔형) | D8: 179000 | E8: 179000 | F8: 219000 | G8: 256000 | H8: 179000 | I8: 179000 | J8: 179000 | K8: 179000 | L8: 179000 | M8: 219000 | N8: 256000 | O8: 179000 | P8: 179000 | Q8: 179000 | R8: 179000 | S8: 179000 | T8: 219000 | U8: 256000 | V8: 179000 | W8: 179000 | X8: 179000 | Y8: 179000 | Z8: 179000 | AA8: 219000 | AB8: 256000 | AC8: 179000 | AD8: 179000 | AE8: 179000 | AF8: 179000 | AG8: 179000
A9: 설악 쏘라노 | B9: HTL | C9: 디럭스(원룸_호텔형) | D9: 139000 | E9: 139000 | F9: 159000 | G9: 196000 | H9: 139000 | I9: 139000 | J9: 139000 | K9: 139000 | L9: 139000 | M9: 159000 | N9: 196000 | O9: 139000 | P9: 139000 | Q9: 139000 | R9: 139000 | S9: 139000 | T9: 159000 | U9: 196000 | V9: 139000 | W9: 139000 | X9: 139000 | Y9: 139000 | Z9: 139000 | AA9: 159000 | AB9: 196000 | AC9: 139000 | AD9: 139000 | AE9: 139000 | AF9: 139000 | AG9: 139000
A10: 설악 쏘라노 | B10: FTB | C10: 디럭스(트윈베드) | D10: 139000 | E10: 139000 | F10: 159000 | G10: 196000 | H10: 139000 | I10: 139000 | J10: 139000 | K10: 139000 | L10: 139000 | M10: 159000 | N10: 196000 | O10: 139000 | P10: 139000 | Q10: 139000 | R10: 139000 | S10: 139000 | T10: 159000 | U10: 196000 | V10: 139000 | W10: 139000 | X10: 139000 | Y10: 139000 | Z10: 139000 | AA10: 159000 | AB10: 196000 | AC10: 139000 | AD10: 139000 | AE10: 139000 | AF10: 139000 | AG10: 139000
A11: 설악 쏘라노 | B11: FTL | C11: 디럭스(트윈베드_호텔형) | D11: 139000 | E11: 139000 | F11: 159000 | G11: 196000 | H11: 139000 | I11: 139000 | J11: 139000 | K11: 139000 | L11: 139000 | M11: 159000 | N11: 196000 | O11: 139000 | P11: 139000 | Q11: 139000 | R11: 139000 | S11: 139000 | T11: 159000 | U11: 196000 | V11: 139000 | W11: 139000 | X11: 139000 | Y11: 139000 | Z11: 139000 | AA11: 159000 | AB11: 196000 | AC11: 139000 | AD11: 139000 | AE11: 139000 | AF11: 139000 | AG11: 139000
A12: 설악 쏘라노 | B12: TH1 | C12: 디럭스(티니핑 프린세스룸_호텔형) | D12: 169000 | E12: 169000 | F12: 219000 | G12: 256000 | H12: 169000 | I12: 169000 | J12: 169000 | K12: 169000 | L12: 169000 | M12: 219000 | N12: 256000 | O12: 169000 | P12: 169000 | Q12: 169000 | R12: 169000 | S12: 169000 | T12: 219000 | U12: 256000 | V12: 169000 | W12: 169000 | X12: 169000 | Y12: 169000 | Z12: 169000 | AA12: 219000 | AB12: 256000 | AC12: 169000 | AD12: 169000 | AE12: 169000 | AF12: 169000 | AG12: 169000
A13: 설악 쏘라노 | B13: TH2 | C13: 디럭스(티니핑 연구소룸_호텔형) | D13: 169000 | E13: 169000 | F13: 219000 | G13: 256000 | H13: 169000 | I13: 169000 | J13: 169000 | K13: 169000 | L13: 169000 | M13: 219000 | N13: 256000 | O13: 169000 | P13: 169000 | Q13: 169000 | R13: 169000 | S13: 169000 | T13: 219000 | U13: 256000 | V13: 169000 | W13: 169000 | X13: 169000 | Y13: 169000 | Z13: 169000 | AA13: 219000 | AB13: 256000 | AC13: 169000 | AD13: 169000 | AE13: 169000 | AF13: 169000 | AG13: 169000
A14: 설악 쏘라노 | B14: TH3 | C14: 디럭스(티니핑 슈팅스타룸_호텔형) | D14: 169000 | E14: 169000 | F14: 219000 | G14: 256000 | H14: 169000 | I14: 169000 | J14: 169000 | K14: 169000 | L14: 169000 | M14: 219000 | N14: 256000 | O14: 169000 | P14: 169000 | Q14: 169000 | R14: 169000 | S14: 169000 | T14: 219000 | U14: 256000 | V14: 169000 | W14: 169000 | X14: 169000 | Y14: 169000 | Z14: 169000 | AA14: 219000 | AB14: 256000 | AC14: 169000 | AD14: 169000 | AE14: 169000 | AF14: 169000 | AG14: 169000
A15: 설악 쏘라노 | B15: RYL | C15: 로얄 | D15: 223000 | E15: 223000 | F15: 254000 | G15: 314000 | H15: 223000 | I15: 223000 | J15: 223000 | K15: 223000 | L15: 223000 | M15: 254000 | N15: 314000 | O15: 223000 | P15: 223000 | Q15: 223000 | R15: 223000 | S15: 223000 | T15: 254000 | U15: 314000 | V15: 223000 | W15: 223000 | X15: 223000 | Y15: 223000 | Z15: 223000 | AA15: 254000 | AB15: 314000 | AC15: 223000 | AD15: 223000 | AE15: 223000 | AF15: 223000 | AG15: 223000
A16: 설악 쏘라노 | B16: RMO | C16: 로얄(모던) | D16: 253000 | E16: 253000 | F16: 304000 | G16: 364000 | H16: 253000 | I16: 253000 | J16: 253000 | K16: 253000 | L16: 253000 | M16: 304000 | N16: 364000 | O16: 253000 | P16: 253000 | Q16: 253000 | R16: 253000 | S16: 253000 | T16: 304000 | U16: 364000 | V16: 253000 | W16: 253000 | X16: 253000 | Y16: 253000 | Z16: 253000 | AA16: 304000 | AB16: 364000 | AC16: 253000 | AD16: 253000 | AE16: 253000 | AF16: 253000 | AG16: 253000
... A19: 영업장명 | B19: 객실타입 | C19: 객실명 | D19: 46113 | E19: 46114 | F19: 46115 | G19: 46116 | H19: 46117 | I19: 46118 | J19: 46119 | K19: 46120 | L19: 46121 | M19: 46122 | N19: 46123 | O19: 46124 | P19: 46125 | Q19: 46126 | R19: 46127 | S19: 46128 | T19: 46129 | U19: 46130 | V19: 46131 | W19: 46132 | X19: 46133 | Y19: 46134 | Z19: 46135 | AA19: 46136 | AB19: 46137 | AC19: 46138 | AD19: 46139 | AE19: 46140 | AF19: 46141 | AG19: 46142
D20: =D19 -> 46113 | E20: =E19 -> 46114 | F20: =F19 -> 46115 | G20: =G19 -> 46116 | H20: =H19 -> 46117 | I20: =I19 -> 46118 | J20: =J19 -> 46119 | K20: =K19 -> 46120 | ... AG20: =AG19 -> 46142
D21: 봄 비수기 수요일 | E21: 봄 비수기 목요일 | F21: 봄 비수기 준주말 | G21: 봄 비수기 주말 | H21: 봄 비수기 일요일 | I21: 봄 비수기 월요일 | J21: 봄 비수기 화요일 | K21: 봄 비수기 수요일 | L21: 봄 비수기 목요일 | M21: 봄 비수기 준주말 | N21: 봄 비수기 주말 | O21: 봄 비수기 일요일 | P21: 봄 비수기 월요일 | Q21: 봄 비수기 화요일 | R21: 봄 비수기 수요일 | S21: 봄 비수기 목요일 | T21: 봄 비수기 준주말 | U21: 봄 비수기 주말 | V21: 봄 비수기 일요일 | W21: 봄 비수기 월요일 | X21: 봄 비수기 화요일 | Y21: 봄 비수기 수요일 | Z21: 봄 비수기 목요일 | AA21: 봄 비수기 준주말 | AB21: 봄 비수기 주말 | AC21: 봄 비수기 일요일 | AD21: 봄 비수기 월요일 | AE21: 봄 비수기 화요일 | AF21: 봄 비수기 수요일 | AG21: 봄 비수기 목요일
A22: 설악 별관 | B22: FAM | C22: 디럭스 | D22: 123000 | E22: 123000 | F22: 136000 | G22: 162000 | H22: 123000 | I22: 123000 | J22: 123000 | K22: 123000 | L22: 123000 | M22: 136000 | N22: 162000 | O22: 123000 | P22: 123000 | Q22: 123000 | R22: 123000 | S22: 123000 | T22: 136000 | U22: 162000 | V22: 123000 | W22: 123000 | X22: 123000 | Y22: 123000 | Z22: 123000 | AA22: 136000 | AB22: 162000 | AC22: 123000 | AD22: 123000 | AE22: 123000 | AF22: 123000 | AG22: 123000
A23: 설악 별관 | B23: RYL | C23: 로얄 | D23: 197000 | E23: 197000 | F23: 218000 | G23: 260000 | H23: 197000 | I23: 197000 | J23: 197000 | K23: 197000 | L23: 197000 | M23: 218000 | N23: 260000 | O23: 197000 | P23: 197000 | Q23: 197000 | R23: 197000 | S23: 197000 | T23: 218000 | U23: 260000 | V23: 197000 | W23: 197000 | X23: 197000 | Y23: 197000 | Z23: 197000 | AA23: 218000 | AB23: 260000 | AC23: 197000 | AD23: 197000 | AE23: 197000 | AF23: 197000 | AG23: 197000
A24: 영업장명 | B24: 객실타입 | C24: 객실명 | D24: 46113 | E24: 46114 | F24: 46115 | G24: 46116 | H24: 46117 | I24: 46118 | J24: 46119 | K24: 46120 | L24: 46121 | M24: 46122 | N24: 46123 | O24: 46124 | P24: 46125 | Q24: 46126 | R24: 46127 | S24: 46128 | T24: 46129 | U24: 46130 | V24: 46131 | W24: 46132 | X24: 46133 | Y24: 46134 | Z24: 46135 | AA24: 46136 | AB24: 46137 | AC24: 46138 | AD24: 46139 | AE24: 46140 | AF24: 46141 | AG24: 46142
D25: =D24 -> 46113 | E25: =E24 -> 46114 | F25: =F24 -> 46115 | G25: =G24 -> 46116 | H25: =H24 -> 46117 | I25: =I24 -> 46118 | J25: =J24 -> 46119 | K25: =K24 -> 46120 | ... AG25: =AG24 -> 46142
D26: 봄 비수기 수요일 | E26: 봄 비수기 목요일 | F26: 봄 비수기 준주말 | G26: 봄 비수기 주말 | H26: 봄 비수기 일요일 | I26: 봄 비수기 월요일 | J26: 봄 비수기 화요일 | K26: 봄 비수기 수요일 | L26: 봄 비수기 목요일 | M26: 봄 비수기 준주말 | N26: 봄 비수기 주말 | O26: 봄 비수기 일요일 | P26: 봄 비수기 월요일 | Q26: 봄 비수기 화요일 | R26: 봄 비수기 수요일 | S26: 봄 비수기 목요일 | T26: 봄 비수기 준주말 | U26: 봄 비수기 주말 | V26: 봄 비수기 일요일 | W26: 봄 비수기 월요일 | X26: 봄 비수기 화요일 | Y26: 봄 비수기 수요일 | Z26: 봄 비수기 목요일 | AA26: 봄 비수기 준주말 | AB26: 봄 비수기 주말 | AC26: 봄 비수기 일요일 | AD26: 봄 비수기 월요일 | AE26: 봄 비수기 화요일 | AF26: 봄 비수기 수요일 | AG26: 봄 비수기 목요일
A27: 용인 베잔송 | B27: FAM | C27: 디럭스 | D27: 128000 | E27: 128000 | F27: 142000 | G27: 177000 | H27: 128000 | I27: 128000 | J27: 128000 | K27: 128000 | L27: 128000 | M27: 142000 | N27: 177000 | O27: 128000 | P27: 128000 | Q27: 128000 | R27: 128000 | S27: 128000 | T27: 142000 | U27: 177000 | V27: 128000 | W27: 128000 | X27: 128000 | Y27: 128000 | Z27: 128000 | AA27: 142000 | AB27: 177000 | AC27: 128000 | AD27: 128000 | AE27: 128000 | AF27: 128000 | AG27: 128000
A28: 용인 베잔송 | B28: HTL | C28: 디럭스(호텔형) | D28: 128000 | E28: 128000 | F28: 142000 | G28: 177000 | H28: 128000 | I28: 128000 | J28: 128000 | K28: 128000 | L28: 128000 | M28: 142000 | N28: 177000 | O28: 128000 | P28: 128000 | Q28: 128000 | R28: 128000 | S28: 128000 | T28: 142000 | U28: 177000 | V28: 128000 | W28: 128000 | X28: 128000 | Y28: 128000 | Z28: 128000 | AA28: 142000 | AB28: 177000 | AC28: 128000 | AD28: 128000 | AE28: 128000 | AF28: 128000 | AG28: 128000
A29: 용인 베잔송 | B29: FST | C29: 디럭스(싱글트윈) | D29: 128000 | E29: 128000 | F29: 142000 | G29: 177000 | H29: 128000 | I29: 128000 | J29: 128000 | K29: 128000 | L29: 128000 | M29: 142000 | N29: 177000 | O29: 128000 | P29: 128000 | Q29: 128000 | R29: 128000 | S29: 128000 | T29: 142000 | U29: 177000 | V29: 128000 | W29: 128000 | X29: 128000 | Y29: 128000 | Z29: 128000 | AA29: 142000 | AB29: 177000 | AC29: 128000 | AD29: 128000 | AE29: 128000 | AF29: 128000 | AG29: 128000
A30: 용인 베잔송 | B30: TH1 | C30: 디럭스(티니핑 프린세스룸_호텔형) | D30: 158000 | E30: 158000 | F30: 202000 | G30: 237000 | H30: 158000 | I30: 158000 | J30: 158000 | K30: 158000 | L30: 158000 | M30: 202000 | N30: 237000 | O30: 158000 | P30: 158000 | Q30: 158000 | R30: 158000 | S30: 158000 | T30: 202000 | U30: 237000 | V30: 158000 | W30: 158000 | X30: 158000 | Y30: 158000 | Z30: 158000 | AA30: 202000 | AB30: 237000 | AC30: 158000 | AD30: 158000 | AE30: 158000 | AF30: 158000 | AG30: 158000
A31: 용인 베잔송 | B31: TH2 | C31: 디럭스(티니핑 연구소룸_호텔형) | D31: 158000 | E31: 158000 | F31: 202000 | G31: 237000 | H31: 158000 | I31: 158000 | J31: 158000 | K31: 158000 | L31: 158000 | M31: 202000 | N31: 237000 | O31: 158000 | P31: 158000 | Q31: 158000 | R31: 158000 | S31: 158000 | T31: 202000 | U31: 237000 | V31: 158000 | W31: 158000 | X31: 158000 | Y31: 158000 | Z31: 158000 | AA31: 202000 | AB31: 237000 | AC31: 158000 | AD31: 158000 | AE31: 158000 | AF31: 158000 | AG31: 158000
A32: 용인 베잔송 | B32: TH3 | C32: 디럭스(티니핑 슈팅스타룸_호텔형) | D32: 158000 | E32: 158000 | F32: 202000 | G32: 237000 | H32: 158000 | I32: 158000 | J32: 158000 | K32: 158000 | L32: 158000 | M32: 202000 | N32: 237000 | O32: 158000 | P32: 158000 | Q32: 158000 | R32: 158000 | S32: 158000 | T32: 202000 | U32: 237000 | V32: 158000 | W32: 158000 | X32: 158000 | Y32: 158000 | Z32: 158000 | AA32: 202000 | AB32: 237000 | AC32: 158000 | AD32: 158000 | AE32: 158000 | AF32: 158000 | AG32: 158000
A33: 용인 베잔송 | B33: RYL | C33: 로얄 | D33: 205000 | E33: 205000 | F33: 227000 | G33: 283000 | H33: 205000 | I33: 205000 | J33: 205000 | K33: 205000 | L33: 205000 | M33: 227000 | N33: 283000 | O33: 205000 | P33: 205000 | Q33: 205000 | R33: 205000 | S33: 205000 | T33: 227000 | U33: 283000 | V33: 205000 | W33: 205000 | X33: 205000 | Y33: 205000 | Z33: 205000 | AA33: 227000 | AB33: 283000 | AC33: 205000 | AD33: 205000 | AE33: 205000 | AF33: 205000 | AG33: 205000
A34: 영업장명 | B34: 객실타입 | C34: 객실명 | D34: 46113 | E34: 46114 | F34: 46115 | G34: 46116 | H34: 46117 | I34: 46118 | J34: 46119 | K34: 46120 | L34: 46121 | M34: 46122 | N34: 46123 | O34: 46124 | P34: 46125 | Q34: 46126 | R34: 46127 | S34: 46128 | T34: 46129 | U34: 46130 | V34: 46131 | W34: 46132 | X34: 46133 | Y34: 46134 | Z34: 46135 | AA34: 46136 | AB34: 46137 | AC34: 46138 | AD34: 46139 | AE34: 46140 | AF34: 46141 | AG34: 46142
D35: =D34 -> 46113 | E35: =E34 -> 46114 | F35: =F34 -> 46115 | G35: =G34 -> 46116 | H35: =H34 -> 46117 | I35: =I34 -> 46118 | J35: =J34 -> 46119 | K35: =K34 -> 46120 | ... AG35: =AG34 -> 46142
D36: 봄 비수기 수요일 | E36: 봄 비수기 목요일 | F36: 봄 비수기 준주말 | G36: 봄 비수기 주말 | H36: 봄 비수기 일요일 | I36: 봄 비수기 월요일 | J36: 봄 비수기 화요일 | K36: 봄 비수기 수요일 | L36: 봄 비수기 목요일 | M36: 봄 비수기 준주말 | N36: 봄 비수기 주말 | O36: 봄 비수기 일요일 | P36: 봄 비수기 월요일 | Q36: 봄 비수기 화요일 | R36: 봄 비수기 수요일 | S36: 봄 비수기 목요일 | T36: 봄 비수기 준주말 | U36: 봄 비수기 주말 | V36: 봄 비수기 일요일 | W36: 봄 비수기 월요일 | X36: 봄 비수기 화요일 | Y36: 봄 비수기 수요일 | Z36: 봄 비수기 목요일 | AA36: 봄 비수기 준주말 | AB36: 봄 비수기 주말 | AC36: 봄 비수기 일요일 | AD36: 봄 비수기 월요일 | AE36: 봄 비수기 화요일 | AF36: 봄 비수기 수요일 | AG36: 봄 비수기 목요일
A37: 산정호수 안시 | B37: FAM | C37: 디럭스 | D37: 132000 | E37: 132000 | F37: 141000 | G37: 197000 | H37: 132000 | I37: 132000 | J37: 132000 | K37: 132000 | L37: 132000 | M37: 141000 | N37: 197000 | O37: 132000 | P37: 132000 | Q37: 132000 | R37: 132000 | S37: 132000 | T37: 141000 | U37: 197000 | V37: 132000 | W37: 132000 | X37: 132000 | Y37: 132000 | Z37: 132000 | AA37: 141000 | AB37: 197000 | AC37: 132000 | AD37: 132000 | AE37: 132000 | AF37: 132000 | AG37: 132000
A38: 산정호수 안시 | B38: HTL | C38: 디럭스(호텔형) | D38: 132000 | E38: 132000 | F38: 141000 | G38: 197000 | H38: 132000 | I38: 132000 | J38: 132000 | K38: 132000 | L38: 132000 | M38: 141000 | N38: 197000 | O38: 132000 | P38: 132000 | Q38: 132000 | R38: 132000 | S38: 132000 | T38: 141000 | U38: 197000 | V38: 132000 | W38: 132000 | X38: 132000 | Y38: 132000 | Z38: 132000 | AA38: 141000 | AB38: 197000 | AC38: 132000 | AD38: 132000 | AE38: 132000 | AF38: 132000 | AG38: 132000
A39: 산정호수 안시 | B39: FST | C39: 디럭스(싱글트윈) | D39: 132000 | E39: 132000 | F39: 141000 | G39: 197000 | H39: 132000 | I39: 132000 | J39: 132000 | K39: 132000 | L39: 132000 | M39: 141000 | N39: 197000 | O39: 132000 | P39: 132000 | Q39: 132000 | R39: 132000 | S39: 132000 | T39: 141000 | U39: 197000 | V39: 132000 | W39: 132000 | X39: 132000 | Y39: 132000 | Z39: 132000 | AA39: 141000 | AB39: 197000 | AC39: 132000 | AD39: 132000 | AE39: 132000 | AF39: 132000 | AG39: 132000
A40: 산정호수 안시 | B40: RYL | C40: 로얄 | D40: 210000 | E40: 210000 | F40: 225000 | G40: 315000 | H40: 210000 | I40: 210000 | J40: 210000 | K40: 210000 | L40: 210000 | M40: 225000 | N40: 315000 | O40: 210000 | P40: 210000 | Q40: 210000 | R40: 210000 | S40: 210000 | T40: 225000 | U40: 315000 | V40: 210000 | W40: 210000 | X40: 210000 | Y40: 210000 | Z40: 210000 | AA40: 225000 | AB40: 315000 | AC40: 210000 | AD40: 210000 | AE40: 210000 | AF40: 210000 | AG40: 210000
A41: 영업장명 | B41: 객실타입 | C41: 객실명 | D41: 46113 | E41: 46114 | F41: 46115 | G41: 46116 | H41: 46117 | I41: 46118 | J41: 46119 | K41: 46120 | L41: 46121 | M41: 46122 | N41: 46123 | O41: 46124 | P41: 46125 | Q41: 46126 | R41: 46127 | S41: 46128 | T41: 46129 | U41: 46130 | V41: 46131 | W41: 46132 | X41: 46133 | Y41: 46134 | Z41: 46135 | AA41: 46136 | AB41: 46137 | AC41: 46138 | AD41: 46139 | AE41: 46140 | AF41: 46141 | AG41: 46142
D42: =D41 -> 46113 | E42: =E41 -> 46114 | F42: =F41 -> 46115 | G42: =G41 -> 46116 | H42: =H41 -> 46117 | I42: =I41 -> 46118 | J42: =J41 -> 46119 | K42: =K41 -> 46120 | ... AG42: =AG41 -> 46142
D43: 봄 비수기 수요일 | E43: 봄 비수기 목요일 | F43: 봄 비수기 준주말 | G43: 봄 비수기 주말 | H43: 봄 비수기 일요일 | I43: 봄 비수기 월요일 | J43: 봄 비수기 화요일 | K43: 봄 비수기 수요일 | L43: 봄 비수기 목요일 | M43: 봄 비수기 준주말 | N43: 봄 비수기 주말 | O43: 봄 비수기 일요일 | P43: 봄 비수기 월요일 | Q43: 봄 비수기 화요일 | R43: 봄 비수기 수요일 | S43: 봄 비수기 목요일 | T43: 봄 비수기 준주말 | U43: 봄 비수기 주말 | V43: 봄 비수기 일요일 | W43: 봄 비수기 월요일 | X43: 봄 비수기 화요일 | Y43: 봄 비수기 수요일 | Z43: 봄 비수기 목요일 | AA43: 봄 비수기 준주말 | AB43: 봄 비수기 주말 | AC43: 봄 비수기 일요일 | AD43: 봄 비수기 월요일 | AE43: 봄 비수기 화요일 | AF43: 봄 비수기 수요일 | AG43: 봄 비수기 목요일
A44: 해운대 | B44: HTJ | C44: 디럭스(원룸_재즈_호텔형) | D44: 167000 | E44: 167000 | F44: 176000 | G44: 222000 | H44: 167000 | I44: 167000 | J44: 167000 | K44: 167000 | L44: 167000 | M44: 176000 | N44: 222000 | O44: 167000 | P44: 167000 | Q44: 167000 | R44: 167000 | S44: 167000 | T44: 176000 | U44: 222000 | V44: 167000 | W44: 167000 | X44: 167000 | Y44: 167000 | Z44: 167000 | AA44: 176000 | AB44: 222000 | AC44: 167000 | AD44: 167000 | AE44: 167000 | AF44: 167000 | AG44: 167000
A45: 해운대 | B45: HTP | C45: 디럭스(원룸_팝_호텔형) | D45: 167000 | E45: 167000 | F45: 176000 | G45: 222000 | H45: 167000 | I45: 167000 | J45: 167000 | K45: 167000 | L45: 167000 | M45: 176000 | N45: 222000 | O45: 167000 | P45: 167000 | Q45: 167000 | R45: 167000 | S45: 167000 | T45: 176000 | U45: 222000 | V45: 167000 | W45: 167000 | X45: 167000 | Y45: 167000 | Z45: 167000 | AA45: 176000 | AB45: 222000 | AC45: 167000 | AD45: 167000 | AE45: 167000 | AF45: 167000 | AG45: 167000
A46: 해운대 | B46: FOR | C46: 디럭스(오륙도뷰) | D46: 162000 | E46: 162000 | F46: 171000 | G46: 217000 | H46: 162000 | I46: 162000 | J46: 162000 | K46: 162000 | L46: 162000 | M46: 171000 | N46: 217000 | O46: 162000 | P46: 162000 | Q46: 162000 | R46: 162000 | S46: 162000 | T46: 171000 | U46: 217000 | V46: 162000 | W46: 162000 | X46: 162000 | Y46: 162000 | Z46: 162000 | AA46: 171000 | AB46: 217000 | AC46: 162000 | AD46: 162000 | AE46: 162000 | AF46: 162000 | AG46: 162000
A47: 해운대 | B47: FOB | C47: 디럭스(오륙도뷰_알앤비_호텔형) | D47: 192000 | E47: 192000 | F47: 201000 | G47: 247000 | H47: 192000 | I47: 192000 | J47: 192000 | K47: 192000 | L47: 192000 | M47: 201000 | N47: 247000 | O47: 192000 | P47: 192000 | Q47: 192000 | R47: 192000 | S47: 192000 | T47: 201000 | U47: 247000 | V47: 192000 | W47: 192000 | X47: 192000 | Y47: 192000 | Z47: 192000 | AA47: 201000 | AB47: 247000 | AC47: 192000 | AD47: 192000 | AE47: 192000 | AF47: 192000 | AG47: 192000
A48: 해운대 | B48: HTL | C48: 패밀리(원룸_호텔형) | D48: 137000 | E48: 137000 | F48: 146000 | G48: 192000 | H48: 137000 | I48: 137000 | J48: 137000 | K48: 137000 | L48: 137000 | M48: 146000 | N48: 192000 | O48: 137000 | P48: 137000 | Q48: 137000 | R48: 137000 | S48: 137000 | T48: 146000 | U48: 192000 | V48: 137000 | W48: 137000 | X48: 137000 | Y48: 137000 | Z48: 137000 | AA48: 146000 | AB48: 192000 | AC48: 137000 | AD48: 137000 | AE48: 137000 | AF48: 137000 | AG48: 137000
A49: 해운대 | B49: FAQ | C49: 디럭스(오션뷰_호텔형) | D49: 177000 | E49: 177000 | F49: 186000 | G49: 232000 | H49: 177000 | I49: 177000 | J49: 177000 | K49: 177000 | L49: 177000 | M49: 186000 | N49: 232000 | O49: 177000 | P49: 177000 | Q49: 177000 | R49: 177000 | S49: 177000 | T49: 186000 | U49: 232000 | V49: 177000 | W49: 177000 | X49: 177000 | Y49: 177000 | Z49: 177000 | AA49: 186000 | AB49: 232000 | AC49: 177000 | AD49: 177000 | AE49: 177000 | AF49: 177000 | AG49: 177000
A50: 해운대 | B50: FQJ | C50: 디럭스(오션뷰_재즈_호텔형) | D50: 207000 | E50: 207000 | F50: 216000 | G50: 262000 | H50: 207000 | I50: 207000 | J50: 207000 | K50: 207000 | L50: 207000 | M50: 216000 | N50: 262000 | O50: 207000 | P50: 207000 | Q50: 207000 | R50: 207000 | S50: 207000 | T50: 216000 | U50: 262000 | V50: 207000 | W50: 207000 | X50: 207000 | Y50: 207000 | Z50: 207000 | AA50: 216000 | AB50: 262000 | AC50: 207000 | AD50: 207000 | AE50: 207000 | AF50: 207000 | AG50: 207000
A51: 해운대 | B51: FAK | C51: 패밀리(키즈룸_원룸_호텔형) | D51: 167000 | E51: 167000 | F51: 176000 | G51: 222000 | H51: 167000 | I51: 167000 | J51: 167000 | K51: 167000 | L51: 167000 | M51: 176000 | N51: 222000 | O51: 167000 | P51: 167000 | Q51: 167000 | R51: 167000 | S51: 167000 | T51: 176000 | U51: 222000 | V51: 167000 | W51: 167000 | X51: 167000 | Y51: 167000 | Z51: 167000 | AA51: 176000 | AB51: 222000 | AC51: 167000 | AD51: 167000 | AE51: 167000 | AF51: 167000 | AG51: 167000
A52: 해운대 | B52: HTT | C52: 패밀리(시네마_원룸_호텔형) | D52: 152000 | E52: 152000 | F52: 161000 | G52: 207000 | H52: 152000 | I52: 152000 | J52: 152000 | K52: 152000 | L52: 152000 | M52: 161000 | N52: 207000 | O52: 152000 | P52: 152000 | Q52: 152000 | R52: 152000 | S52: 152000 | T52: 161000 | U52: 207000 | V52: 152000 | W52: 152000 | X52: 152000 | Y52: 152000 | Z52: 152000 | AA52: 161000 | AB52: 207000 | AC52: 152000 | AD52: 152000 | AE52: 152000 | AF52: 152000 | AG52: 152000
A53: 해운대 | B53: FAW | C53: 패밀리(워케이션_원룸_호텔형) | D53: 152000 | E53: 152000 | F53: 161000 | G53: 207000 | H53: 152000 | I53: 152000 | J53: 152000 | K53: 152000 | L53: 152000 | M53: 161000 | N53: 207000 | O53: 152000 | P53: 152000 | Q53: 152000 | R53: 152000 | S53: 152000 | T53: 161000 | U53: 207000 | V53: 152000 | W53: 152000 | X53: 152000 | Y53: 152000 | Z53: 152000 | AA53: 161000 | AB53: 207000 | AC53: 152000 | AD53: 152000 | AE53: 152000 | AF53: 152000 | AG53: 152000
A54: 해운대 | B54: RYL | C54: 로얄(오션뷰) | D54: 250000 | E54: 250000 | F54: 264000 | G54: 341000 | H54: 250000 | I54: 250000 | J54: 250000 | K54: 250000 | L54: 250000 | M54: 264000 | N54: 341000 | O54: 250000 | P54: 250000 | Q54: 250000 | R54: 250000 | S54: 250000 | T54: 264000 | U54: 341000 | V54: 250000 | W54: 250000 | X54: 250000 | Y54: 250000 | Z54: 250000 | AA54: 264000 | AB54: 341000 | AC54: 250000 | AD54: 250000 | AE54: 250000 | AF54: 250000 | AG54: 250000
A55: 해운대 | B55: RYH | C55: 로얄(힐링룸) | D55: 280000 | E55: 280000 | F55: 294000 | G55: 371000 | H55: 280000 | I55: 280000 | J55: 280000 | K55: 280000 | L55: 280000 | M55: 294000 | N55: 371000 | O55: 280000 | P55: 280000 | Q55: 280000 | R55: 280000 | S55: 280000 | T55: 294000 | U55: 371000 | V55: 280000 | W55: 280000 | X55: 280000 | Y55: 280000 | Z55: 280000 | AA55: 294000 | AB55: 371000 | AC55: 280000 | AD55: 280000 | AE55: 280000 | AF55: 280000 | AG55: 280000
A56: 영업장명 | B56: 객실타입 | C56: 객실명 | D56: 46113 | E56: 46114 | F56: 46115 | G56: 46116 | H56: 46117 | I56: 46118 | J56: 46119 | K56: 46120 | L56: 46121 | M56: 46122 | N56: 46123 | O56: 46124 | P56: 46125 | Q56: 46126 | R56: 46127 | S56: 46128 | T56: 46129 | U56: 46130 | V56: 46131 | W56: 46132 | X56: 46133 | Y56: 46134 | Z56: 46135 | AA56: 46136 | AB56: 46137 | AC56: 46138 | AD56: 46139 | AE56: 46140 | AF56: 46141 | AG56: 46142
D57: =D56 -> 46113 | E57: =E56 -> 46114 | F57: =F56 -> 46115 | G57: =G56 -> 46116 | H57: =H56 -> 46117 | I57: =I56 -> 46118 | J57: =J56 -> 46119 | K57: =K56 -> 46120 | ... AG57: =AG56 -> 46142
D58: 봄 비수기 수요일 | E58: 봄 비수기 목요일 | F58: 봄 비수기 준주말 | G58: 봄 비수기 주말 | H58: 봄 비수기 일요일 | I58: 봄 비수기 월요일 | J58: 봄 비수기 화요일 | K58: 봄 비수기 수요일 | L58: 봄 비수기 목요일 | M58: 봄 비수기 준주말 | N58: 봄 비수기 주말 | O58: 봄 비수기 일요일 | P58: 봄 비수기 월요일 | Q58: 봄 비수기 화요일 | R58: 봄 비수기 수요일 | S58: 봄 비수기 목요일 | T58: 봄 비수기 준주말 | U58: 봄 비수기 주말 | V58: 봄 비수기 일요일 | W58: 봄 비수기 월요일 | X58: 봄 비수기 화요일 | Y58: 봄 비수기 수요일 | Z58: 봄 비수기 목요일 | AA58: 봄 비수기 준주말 | AB58: 봄 비수기 주말 | AC58: 봄 비수기 일요일 | AD58: 봄 비수기 월요일 | AE58: 봄 비수기 화요일 | AF58: 봄 비수기 수요일 | AG58: 봄 비수기 목요일
A59: 대천 파로스 | B59: FAM | C59: 디럭스 | D59: 125000 | E59: 125000 | F59: 144000 | G59: 177000 | H59: 125000 | I59: 125000 | J59: 125000 | K59: 125000 | L59: 125000 | M59: 144000 | N59: 177000 | O59: 125000 | P59: 125000 | Q59: 125000 | R59: 125000 | S59: 125000 | T59: 144000 | U59: 177000 | V59: 125000 | W59: 125000 | X59: 125000 | Y59: 125000 | Z59: 125000 | AA59: 144000 | AB59: 177000 | AC59: 125000 | AD59: 125000 | AE59: 125000 | AF59: 125000 | AG59: 125000
A60: 대천 파로스 | B60: DTL | C60: 디럭스(호텔형) | D60: 125000 | E60: 125000 | F60: 144000 | G60: 177000 | H60: 125000 | I60: 125000 | J60: 125000 | K60: 125000 | L60: 125000 | M60: 144000 | N60: 177000 | O60: 125000 | P60: 125000 | Q60: 125000 | R60: 125000 | S60: 125000 | T60: 144000 | U60: 177000 | V60: 125000 | W60: 125000 | X60: 125000 | Y60: 125000 | Z60: 125000 | AA60: 144000 | AB60: 177000 | AC60: 125000 | AD60: 125000 | AE60: 125000 | AF60: 125000 | AG60: 125000
A61: 대천 파로스 | B61: FAQ | C61: 디럭스(오션뷰) | D61: 165000 | E61: 165000 | F61: 184000 | G61: 217000 | H61: 165000 | I61: 165000 | J61: 165000 | K61: 165000 | L61: 165000 | M61: 184000 | N61: 217000 | O61: 165000 | P61: 165000 | Q61: 165000 | R61: 165000 | S61: 165000 | T61: 184000 | U61: 217000 | V61: 165000 | W61: 165000 | X61: 165000 | Y61: 165000 | Z61: 165000 | AA61: 184000 | AB61: 217000 | AC61: 165000 | AD61: 165000 | AE61: 165000 | AF61: 165000 | AG61: 165000
A62: 대천 파로스 | B62: DHQ | C62: 디럭스(호텔형_오션뷰) | D62: 165000 | E62: 165000 | F62: 184000 | G62: 217000 | H62: 165000 | I62: 165000 | J62: 165000 | K62: 165000 | L62: 165000 | M62: 184000 | N62: 217000 | O62: 165000 | P62: 165000 | Q62: 165000 | R62: 165000 | S62: 165000 | T62: 184000 | U62: 217000 | V62: 165000 | W62: 165000 | X62: 165000 | Y62: 165000 | Z62: 165000 | AA62: 184000 | AB62: 217000 | AC62: 165000 | AD62: 165000 | AE62: 165000 | AF62: 165000 | AG62: 165000
A63: 대천 파로스 | B63: PO1 | C63: 디럭스(뽀로로 MAKE) | D63: 140000 | E63: 140000 | F63: 159000 | G63: 192000 | H63: 140000 | I63: 140000 | J63: 140000 | K63: 140000 | L63: 140000 | M63: 159000 | N63: 192000 | O63: 140000 | P63: 140000 | Q63: 140000 | R63: 140000 | S63: 140000 | T63: 159000 | U63: 192000 | V63: 140000 | W63: 140000 | X63: 140000 | Y63: 140000 | Z63: 140000 | AA63: 159000 | AB63: 192000 | AC63: 140000 | AD63: 140000 | AE63: 140000 | AF63: 140000 | AG63: 140000
A64: 대천 파로스 | B64: PO2 | C64: 디럭스(뽀로로 READ) | D64: 140000 | E64: 140000 | F64: 159000 | G64: 192000 | H64: 140000 | I64: 140000 | J64: 140000 | K64: 140000 | L64: 140000 | M64: 159000 | N64: 192000 | O64: 140000 | P64: 140000 | Q64: 140000 | R64: 140000 | S64: 140000 | T64: 159000 | U64: 192000 | V64: 140000 | W64: 140000 | X64: 140000 | Y64: 140000 | Z64: 140000 | AA64: 159000 | AB64: 192000 | AC64: 140000 | AD64: 140000 | AE64: 140000 | AF64: 140000 | AG64: 140000
A65: 대천 파로스 | B65: PO5 | C65: 디럭스(뽀로로 PEEKABOO) | D65: 140000 | E65: 140000 | F65: 159000 | G65: 192000 | H65: 140000 | I65: 140000 | J65: 140000 | K65: 140000 | L65: 140000 | M65: 159000 | N65: 192000 | O65: 140000 | P65: 140000 | Q65: 140000 | R65: 140000 | S65: 140000 | T65: 159000 | U65: 192000 | V65: 140000 | W65: 140000 | X65: 140000 | Y65: 140000 | Z65: 140000 | AA65: 159000 | AB65: 192000 | AC65: 140000 | AD65: 140000 | AE65: 140000 | AF65: 140000 | AG65: 140000
A66: 대천 파로스 | B66: DLC | C66: 디럭스(시네마_원룸_호텔형) | D66: 175000 | E66: 175000 | F66: 194000 | G66: 227000 | H66: 175000 | I66: 175000 | J66: 175000 | K66: 175000 | L66: 175000 | M66: 194000 | N66: 227000 | O66: 175000 | P66: 175000 | Q66: 175000 | R66: 175000 | S66: 175000 | T66: 194000 | U66: 227000 | V66: 175000 | W66: 175000 | X66: 175000 | Y66: 175000 | Z66: 175000 | AA66: 194000 | AB66: 227000 | AC66: 175000 | AD66: 175000 | AE66: 175000 | AF66: 175000 | AG66: 175000
A67: 대천 파로스 | B67: SUI | C67: 스위트 | D67: 158000 | E67: 158000 | F67: 191000 | G67: 212000 | H67: 158000 | I67: 158000 | J67: 158000 | K67: 158000 | L67: 158000 | M67: 191000 | N67: 212000 | O67: 158000 | P67: 158000 | Q67: 158000 | R67: 158000 | S67: 158000 | T67: 191000 | U67: 212000 | V67: 158000 | W67: 158000 | X67: 158000 | Y67: 158000 | Z67: 158000 | AA67: 191000 | AB67: 212000 | AC67: 158000 | AD67: 158000 | AE67: 158000 | AF67: 158000 | AG67: 158000
A68: 대천 파로스 | B68: SHI | C68: 스위트(호텔형) | D68: 158000 | E68: 158000 | F68: 191000 | G68: 212000 | H68: 158000 | I68: 158000 | J68: 158000 | K68: 158000 | L68: 158000 | M68: 191000 | N68: 212000 | O68: 158000 | P68: 158000 | Q68: 158000 | R68: 158000 | S68: 158000 | T68: 191000 | U68: 212000 | V68: 158000 | W68: 158000 | X68: 158000 | Y68: 158000 | Z68: 158000 | AA68: 191000 | AB68: 212000 | AC68: 158000 | AD68: 158000 | AE68: 158000 | AF68: 158000 | AG68: 158000
A69: 대천 파로스 | B69: SUQ | C69: 스위트(오션뷰) | D69: 198000 | E69: 198000 | F69: 231000 | G69: 252000 | H69: 198000 | I69: 198000 | J69: 198000 | K69: 198000 | L69: 198000 | M69: 231000 | N69: 252000 | O69: 198000 | P69: 198000 | Q69: 198000 | R69: 198000 | S69: 198000 | T69: 231000 | U69: 252000 | V69: 198000 | W69: 198000 | X69: 198000 | Y69: 198000 | Z69: 198000 | AA69: 231000 | AB69: 252000 | AC69: 198000 | AD69: 198000 | AE69: 198000 | AF69: 198000 | AG69: 198000
A70: 대천 파로스 | B70: SHQ | C70: 스위트(호텔형_오션뷰) | D70: 198000 | E70: 198000 | F70: 231000 | G70: 252000 | H70: 198000 | I70: 198000 | J70: 198000 | K70: 198000 | L70: 198000 | M70: 231000 | N70: 252000 | O70: 198000 | P70: 198000 | Q70: 198000 | R70: 198000 | S70: 198000 | T70: 231000 | U70: 252000 | V70: 198000 | W70: 198000 | X70: 198000 | Y70: 198000 | Z70: 198000 | AA70: 231000 | AB70: 252000 | AC70: 198000 | AD70: 198000 | AE70: 198000 | AF70: 198000 | AG70: 198000
... A74: 영업장명 | B74: 객실타입 | C74: 객실명 | D74: 46113 | E74: 46114 | F74: 46115 | G74: 46116 | H74: 46117 | I74: 46118 | J74: 46119 | K74: 46120 | L74: 46121 | M74: 46122 | N74: 46123 | O74: 46124 | P74: 46125 | Q74: 46126 | R74: 46127 | S74: 46128 | T74: 46129 | U74: 46130 | V74: 46131 | W74: 46132 | X74: 46133 | Y74: 46134 | Z74: 46135 | AA74: 46136 | AB74: 46137 | AC74: 46138 | AD74: 46139 | AE74: 46140 | AF74: 46141 | AG74: 46142
D75: =D74 -> 46113 | E75: =E74 -> 46114 | F75: =F74 -> 46115 | G75: =G74 -> 46116 | H75: =H74 -> 46117 | I75: =I74 -> 46118 | J75: =J74 -> 46119 | K75: =K74 -> 46120 | ... AG75: =AG74 -> 46142
D76: 봄 비수기 수요일 | E76: 봄 비수기 목요일 | F76: 봄 비수기 준주말 | G76: 봄 비수기 주말 | H76: 봄 비수기 일요일 | I76: 봄 비수기 월요일 | J76: 봄 비수기 화요일 | K76: 봄 비수기 수요일 | L76: 봄 비수기 목요일 | M76: 봄 비수기 준주말 | N76: 봄 비수기 주말 | O76: 봄 비수기 일요일 | P76: 봄 비수기 월요일 | Q76: 봄 비수기 화요일 | R76: 봄 비수기 수요일 | S76: 봄 비수기 목요일 | T76: 봄 비수기 준주말 | U76: 봄 비수기 주말 | V76: 봄 비수기 일요일 | W76: 봄 비수기 월요일 | X76: 봄 비수기 화요일 | Y76: 봄 비수기 수요일 | Z76: 봄 비수기 목요일 | AA76: 봄 비수기 준주말 | AB76: 봄 비수기 주말 | AC76: 봄 비수기 일요일 | AD76: 봄 비수기 월요일 | AE76: 봄 비수기 화요일 | AF76: 봄 비수기 수요일 | AG76: 봄 비수기 목요일
A77: 경주 에톤 | B77: FAM | C77: 디럭스 | D77: 142000 | E77: 142000 | F77: 164000 | G77: 203000 | H77: 142000 | I77: 142000 | J77: 142000 | K77: 142000 | L77: 142000 | M77: 164000 | N77: 203000 | O77: 142000 | P77: 142000 | Q77: 142000 | R77: 142000 | S77: 142000 | T77: 164000 | U77: 203000 | V77: 142000 | W77: 142000 | X77: 142000 | Y77: 142000 | Z77: 142000 | AA77: 164000 | AB77: 203000 | AC77: 142000 | AD77: 142000 | AE77: 142000 | AF77: 142000 | AG77: 142000
A78: 경주 에톤 | B78: HTL | C78: 디럭스(호텔형) | D78: 142000 | E78: 142000 | F78: 164000 | G78: 203000 | H78: 142000 | I78: 142000 | J78: 142000 | K78: 142000 | L78: 142000 | M78: 164000 | N78: 203000 | O78: 142000 | P78: 142000 | Q78: 142000 | R78: 142000 | S78: 142000 | T78: 164000 | U78: 203000 | V78: 142000 | W78: 142000 | X78: 142000 | Y78: 142000 | Z78: 142000 | AA78: 164000 | AB78: 203000 | AC78: 142000 | AD78: 142000 | AE78: 142000 | AF78: 142000 | AG78: 142000
A79: 영업장명 | B79: 객실타입 | C79: 객실명 | D79: 46113 | E79: 46114 | F79: 46115 | G79: 46116 | H79: 46117 | I79: 46118 | J79: 46119 | K79: 46120 | L79: 46121 | M79: 46122 | N79: 46123 | O79: 46124 | P79: 46125 | Q79: 46126 | R79: 46127 | S79: 46128 | T79: 46129 | U79: 46130 | V79: 46131 | W79: 46132 | X79: 46133 | Y79: 46134 | Z79: 46135 | AA79: 46136 | AB79: 46137 | AC79: 46138 | AD79: 46139 | AE79: 46140 | AF79: 46141 | AG79: 46142
D80: =D79 -> 46113 | E80: =E79 -> 46114 | F80: =F79 -> 46115 | G80: =G79 -> 46116 | H80: =H79 -> 46117 | I80: =I79 -> 46118 | J80: =J79 -> 46119 | K80: =K79 -> 46120 | ... AG80: =AG79 -> 46142
D81: 봄 비수기 수요일 | E81: 봄 비수기 목요일 | F81: 봄 비수기 준주말 | G81: 봄 비수기 주말 | H81: 봄 비수기 일요일 | I81: 봄 비수기 월요일 | J81: 봄 비수기 화요일 | K81: 봄 비수기 수요일 | L81: 봄 비수기 목요일 | M81: 봄 비수기 준주말 | N81: 봄 비수기 주말 | O81: 봄 비수기 일요일 | P81: 봄 비수기 월요일 | Q81: 봄 비수기 화요일 | R81: 봄 비수기 수요일 | S81: 봄 비수기 목요일 | T81: 봄 비수기 준주말 | U81: 봄 비수기 주말 | V81: 봄 비수기 일요일 | W81: 봄 비수기 월요일 | X81: 봄 비수기 화요일 | Y81: 봄 비수기 수요일 | Z81: 봄 비수기 목요일 | AA81: 봄 비수기 준주말 | AB81: 봄 비수기 주말 | AC81: 봄 비수기 일요일 | AD81: 봄 비수기 월요일 | AE81: 봄 비수기 화요일 | AF81: 봄 비수기 수요일 | AG81: 봄 비수기 목요일
A82: 경주 담톤 | B82: HTL | C82: 디럭스(호텔형) | D82: 142000 | E82: 142000 | F82: 164000 | G82: 203000 | H82: 142000 | I82: 142000 | J82: 142000 | K82: 142000 | L82: 142000 | M82: 164000 | N82: 203000 | O82: 142000 | P82: 142000 | Q82: 142000 | R82: 142000 | S82: 142000 | T82: 164000 | U82: 203000 | V82: 142000 | W82: 142000 | X82: 142000 | Y82: 142000 | Z82: 142000 | AA82: 164000 | AB82: 203000 | AC82: 142000 | AD82: 142000 | AE82: 142000 | AF82: 142000 | AG82: 142000
A83: 경주 담톤 | B83: DMH | C83: 디럭스모던(호텔형) | D83: 172000 | E83: 172000 | F83: 204000 | G83: 243000 | H83: 172000 | I83: 172000 | J83: 172000 | K83: 172000 | L83: 172000 | M83: 204000 | N83: 243000 | O83: 172000 | P83: 172000 | Q83: 172000 | R83: 172000 | S83: 172000 | T83: 204000 | U83: 243000 | V83: 172000 | W83: 172000 | X83: 172000 | Y83: 172000 | Z83: 172000 | AA83: 204000 | AB83: 243000 | AC83: 172000 | AD83: 172000 | AE83: 172000 | AF83: 172000 | AG83: 172000
A84: 경주 담톤 | B84: SUI | C84: 스위트 | D84: 171000 | E84: 171000 | F84: 198000 | G84: 243000 | H84: 171000 | I84: 171000 | J84: 171000 | K84: 171000 | L84: 171000 | M84: 198000 | N84: 243000 | O84: 171000 | P84: 171000 | Q84: 171000 | R84: 171000 | S84: 171000 | T84: 198000 | U84: 243000 | V84: 171000 | W84: 171000 | X84: 171000 | Y84: 171000 | Z84: 171000 | AA84: 198000 | AB84: 243000 | AC84: 171000 | AD84: 171000 | AE84: 171000 | AF84: 171000 | AG84: 171000
A85: 경주 담톤 | B85: SP1 | C85: 스위트(뽀로로 MAKE) | D85: 186000 | E85: 186000 | F85: 233000 | G85: 278000 | H85: 186000 | I85: 186000 | J85: 186000 | K85: 186000 | L85: 186000 | M85: 233000 | N85: 278000 | O85: 186000 | P85: 186000 | Q85: 186000 | R85: 186000 | S85: 186000 | T85: 233000 | U85: 278000 | V85: 186000 | W85: 186000 | X85: 186000 | Y85: 186000 | Z85: 186000 | AA85: 233000 | AB85: 278000 | AC85: 186000 | AD85: 186000 | AE85: 186000 | AF85: 186000 | AG85: 186000
A86: 경주 담톤 | B86: SP2 | C86: 스위트(뽀로로 READ) | D86: 186000 | E86: 186000 | F86: 233000 | G86: 278000 | H86: 186000 | I86: 186000 | J86: 186000 | K86: 186000 | L86: 186000 | M86: 233000 | N86: 278000 | O86: 186000 | P86: 186000 | Q86: 186000 | R86: 186000 | S86: 186000 | T86: 233000 | U86: 278000 | V86: 186000 | W86: 186000 | X86: 186000 | Y86: 186000 | Z86: 186000 | AA86: 233000 | AB86: 278000 | AC86: 186000 | AD86: 186000 | AE86: 186000 | AF86: 186000 | AG86: 186000
A87: 경주 담톤 | B87: SP5 | C87: 스위트(뽀로로 PEEKABOO) | D87: 186000 | E87: 186000 | F87: 233000 | G87: 278000 | H87: 186000 | I87: 186000 | J87: 186000 | K87: 186000 | L87: 186000 | M87: 233000 | N87: 278000 | O87: 186000 | P87: 186000 | Q87: 186000 | R87: 186000 | S87: 186000 | T87: 233000 | U87: 278000 | V87: 186000 | W87: 186000 | X87: 186000 | Y87: 186000 | Z87: 186000 | AA87: 233000 | AB87: 278000 | AC87: 186000 | AD87: 186000 | AE87: 186000 | AF87: 186000 | AG87: 186000
A88: 경주 담톤 | B88: RYL | C88: 로얄 | D88: 257000 | E88: 257000 | F88: 296000 | G88: 364000 | H88: 257000 | I88: 257000 | J88: 257000 | K88: 257000 | L88: 257000 | M88: 296000 | N88: 364000 | O88: 257000 | P88: 257000 | Q88: 257000 | R88: 257000 | S88: 257000 | T88: 296000 | U88: 364000 | V88: 257000 | W88: 257000 | X88: 257000 | Y88: 257000 | Z88: 257000 | AA88: 296000 | AB88: 364000 | AC88: 257000 | AD88: 257000 | AE88: 257000 | AF88: 257000 | AG88: 257000
A89: 경주 담톤 | B89: GLA | C89: 프리미어 스위트(호텔형) | D89: 308000 | E89: 308000 | F89: 355000 | G89: 438000 | H89: 308000 | I89: 308000 | J89: 308000 | K89: 308000 | L89: 308000 | M89: 355000 | N89: 438000 | O89: 308000 | P89: 308000 | Q89: 308000 | R89: 308000 | S89: 308000 | T89: 355000 | U89: 438000 | V89: 308000 | W89: 308000 | X89: 308000 | Y89: 308000 | Z89: 308000 | AA89: 355000 | AB89: 438000 | AC89: 308000 | AD89: 308000 | AE89: 308000 | AF89: 308000 | AG89: 308000
A90: 경주 담톤 | B90: GLK | C90: 프리미어 스위트(키즈_호텔형) | D90: 338000 | E90: 338000 | F90: 385000 | G90: 468000 | H90: 338000 | I90: 338000 | J90: 338000 | K90: 338000 | L90: 338000 | M90: 385000 | N90: 468000 | O90: 338000 | P90: 338000 | Q90: 338000 | R90: 338000 | S90: 338000 | T90: 385000 | U90: 468000 | V90: 338000 | W90: 338000 | X90: 338000 | Y90: 338000 | Z90: 338000 | AA90: 385000 | AB90: 468000 | AC90: 338000 | AD90: 338000 | AE90: 338000 | AF90: 338000 | AG90: 338000
A91: 경주 담톤 | B91: GLC | C91: 프리미어 스위트(시네마_호텔형) | D91: 328000 | E91: 328000 | F91: 375000 | G91: 458000 | H91: 328000 | I91: 328000 | J91: 328000 | K91: 328000 | L91: 328000 | M91: 375000 | N91: 458000 | O91: 328000 | P91: 328000 | Q91: 328000 | R91: 328000 | S91: 328000 | T91: 375000 | U91: 458000 | V91: 328000 | W91: 328000 | X91: 328000 | Y91: 328000 | Z91: 328000 | AA91: 375000 | AB91: 458000 | AC91: 328000 | AD91: 328000 | AE91: 328000 | AF91: 328000 | AG91: 328000
A92: 영업장명 | B92: 객실타입 | C92: 객실명 | D92: 46113 | E92: 46114 | F92: 46115 | G92: 46116 | H92: 46117 | I92: 46118 | J92: 46119 | K92: 46120 | L92: 46121 | M92: 46122 | N92: 46123 | O92: 46124 | P92: 46125 | Q92: 46126 | R92: 46127 | S92: 46128 | T92: 46129 | U92: 46130 | V92: 46131 | W92: 46132 | X92: 46133 | Y92: 46134 | Z92: 46135 | AA92: 46136 | AB92: 46137 | AC92: 46138 | AD92: 46139 | AE92: 46140 | AF92: 46141 | AG92: 46142
D93: =D92 -> 46113 | E93: =E92 -> 46114 | F93: =F92 -> 46115 | G93: =G92 -> 46116 | H93: =H92 -> 46117 | I93: =I92 -> 46118 | J93: =J92 -> 46119 | K93: =K92 -> 46120 | ... AG93: =AG92 -> 46142
D94: 봄 비수기 수요일 | E94: 봄 비수기 목요일 | F94: 봄 비수기 준주말 | G94: 봄 비수기 주말 | H94: 봄 비수기 일요일 | I94: 봄 비수기 월요일 | J94: 봄 비수기 화요일 | K94: 봄 비수기 수요일 | L94: 봄 비수기 목요일 | M94: 봄 비수기 준주말 | N94: 봄 비수기 주말 | O94: 봄 비수기 일요일 | P94: 봄 비수기 월요일 | Q94: 봄 비수기 화요일 | R94: 봄 비수기 수요일 | S94: 봄 비수기 목요일 | T94: 봄 비수기 준주말 | U94: 봄 비수기 주말 | V94: 봄 비수기 일요일 | W94: 봄 비수기 월요일 | X94: 봄 비수기 화요일 | Y94: 봄 비수기 수요일 | Z94: 봄 비수기 목요일 | AA94: 봄 비수기 준주말 | AB94: 봄 비수기 주말 | AC94: 봄 비수기 일요일 | AD94: 봄 비수기 월요일 | AE94: 봄 비수기 화요일 | AF94: 봄 비수기 수요일 | AG94: 봄 비수기 목요일
A95: 제주 | B95: FAM | C95: 디럭스 | D95: 125000 | E95: 125000 | F95: 138000 | G95: 139000 | H95: 125000 | I95: 125000 | J95: 125000 | K95: 125000 | L95: 125000 | M95: 138000 | N95: 139000 | O95: 125000 | P95: 125000 | Q95: 125000 | R95: 125000 | S95: 125000 | T95: 138000 | U95: 139000 | V95: 125000 | W95: 125000 | X95: 125000 | Y95: 125000 | Z95: 125000 | AA95: 138000 | AB95: 139000 | AC95: 125000 | AD95: 125000 | AE95: 125000 | AF95: 125000 | AG95: 125000
A96: 제주 | B96: HTL | C96: 디럭스(원룸_호텔형) | D96: 125000 | E96: 125000 | F96: 138000 | G96: 139000 | H96: 125000 | I96: 125000 | J96: 125000 | K96: 125000 | L96: 125000 | M96: 138000 | N96: 139000 | O96: 125000 | P96: 125000 | Q96: 125000 | R96: 125000 | S96: 125000 | T96: 138000 | U96: 139000 | V96: 125000 | W96: 125000 | X96: 125000 | Y96: 125000 | Z96: 125000 | AA96: 138000 | AB96: 139000 | AC96: 125000 | AD96: 125000 | AE96: 125000 | AF96: 125000 | AG96: 125000
A97: 제주 | B97: DTL | C97: 디럭스(투룸_호텔형) | D97: 125000 | E97: 125000 | F97: 138000 | G97: 139000 | H97: 125000 | I97: 125000 | J97: 125000 | K97: 125000 | L97: 125000 | M97: 138000 | N97: 139000 | O97: 125000 | P97: 125000 | Q97: 125000 | R97: 125000 | S97: 125000 | T97: 138000 | U97: 139000 | V97: 125000 | W97: 125000 | X97: 125000 | Y97: 125000 | Z97: 125000 | AA97: 138000 | AB97: 139000 | AC97: 125000 | AD97: 125000 | AE97: 125000 | AF97: 125000 | AG97: 125000
A98: 제주 | B98: FAK | C98: 디럭스(키즈룸) | D98: 147000 | E98: 147000 | F98: 159000 | G98: 160000 | H98: 147000 | I98: 147000 | J98: 147000 | K98: 147000 | L98: 147000 | M98: 159000 | N98: 160000 | O98: 147000 | P98: 147000 | Q98: 147000 | R98: 147000 | S98: 147000 | T98: 159000 | U98: 160000 | V98: 147000 | W98: 147000 | X98: 147000 | Y98: 147000 | Z98: 147000 | AA98: 159000 | AB98: 160000 | AC98: 147000 | AD98: 147000 | AE98: 147000 | AF98: 147000 | AG98: 147000
A99: 제주 | B99: DLM | C99: 디럭스(멍패커_호텔형) | D99: 162000 | E99: 162000 | F99: 173000 | G99: 174000 | H99: 162000 | I99: 162000 | J99: 162000 | K99: 162000 | L99: 162000 | M99: 173000 | N99: 174000 | O99: 162000 | P99: 162000 | Q99: 162000 | R99: 162000 | S99: 162000 | T99: 173000 | U99: 174000 | V99: 162000 | W99: 162000 | X99: 162000 | Y99: 162000 | Z99: 162000 | AA99: 173000 | AB99: 174000 | AC99: 162000 | AD99: 162000 | AE99: 162000 | AF99: 162000 | AG99: 162000
A100: 제주 | B100: SUI | C100: 스위트(호텔형) | D100: 150000 | E100: 150000 | F100: 166000 | G100: 167000 | H100: 150000 | I100: 150000 | J100: 150000 | K100: 150000 | L100: 150000 | M100: 166000 | N100: 167000 | O100: 150000 | P100: 150000 | Q100: 150000 | R100: 150000 | S100: 150000 | T100: 166000 | U100: 167000 | V100: 150000 | W100: 150000 | X100: 150000 | Y100: 150000 | Z100: 150000 | AA100: 166000 | AB100: 167000 | AC100: 150000 | AD100: 150000 | AE100: 150000 | AF100: 150000 | AG100: 150000
A101: 제주 | B101: SUM | C101: 스위트(멍패커_호텔형) | D101: 187000 | E101: 187000 | F101: 201000 | G101: 202000 | H101: 187000 | I101: 187000 | J101: 187000 | K101: 187000 | L101: 187000 | M101: 201000 | N101: 202000 | O101: 187000 | P101: 187000 | Q101: 187000 | R101: 187000 | S101: 187000 | T101: 201000 | U101: 202000 | V101: 187000 | W101: 187000 | X101: 187000 | Y101: 187000 | Z101: 187000 | AA101: 201000 | AB101: 202000 | AC101: 187000 | AD101: 187000 | AE101: 187000 | AF101: 187000 | AG101: 187000
A102: 영업장명 | B102: 객실타입 | C102: 객실명 | D102: 46113 | E102: 46114 | F102: 46115 | G102: 46116 | H102: 46117 | I102: 46118 | J102: 46119 | K102: 46120 | L102: 46121 | M102: 46122 | N102: 46123 | O102: 46124 | P102: 46125 | Q102: 46126 | R102: 46127 | S102: 46128 | T102: 46129 | U102: 46130 | V102: 46131 | W102: 46132 | X102: 46133 | Y102: 46134 | Z102: 46135 | AA102: 46136 | AB102: 46137 | AC102: 46138 | AD102: 46139 | AE102: 46140 | AF102: 46141 | AG102: 46142
D103: =D102 -> 46113 | E103: =E102 -> 46114 | F103: =F102 -> 46115 | G103: =G102 -> 46116 | H103: =H102 -> 46117 | I103: =I102 -> 46118 | J103: =J102 -> 46119 | K103: =K102 -> 46120 | ... AG103: =AG102 -> 46142
D104: 봄 비수기 수요일 | E104: 봄 비수기 목요일 | F104: 봄 비수기 준주말 | G104: 봄 비수기 주말 | H104: 봄 비수기 일요일 | I104: 봄 비수기 월요일 | J104: 봄 비수기 화요일 | K104: 봄 비수기 수요일 | L104: 봄 비수기 목요일 | M104: 봄 비수기 준주말 | N104: 봄 비수기 주말 | O104: 봄 비수기 일요일 | P104: 봄 비수기 월요일 | Q104: 봄 비수기 화요일 | R104: 봄 비수기 수요일 | S104: 봄 비수기 목요일 | T104: 봄 비수기 준주말 | U104: 봄 비수기 주말 | V104: 봄 비수기 일요일 | W104: 봄 비수기 월요일 | X104: 봄 비수기 화요일 | Y104: 봄 비수기 수요일 | Z104: 봄 비수기 목요일 | AA104: 봄 비수기 준주말 | AB104: 봄 비수기 주말 | AC104: 봄 비수기 일요일 | AD104: 봄 비수기 월요일 | AE104: 봄 비수기 화요일 | AF104: 봄 비수기 수요일 | AG104: 봄 비수기 목요일
A105: 평창 | B105: SUI | C105: 스위트 | D105: 117000 | E105: 117000 | F105: 124000 | G105: 166000 | H105: 117000 | I105: 117000 | J105: 117000 | K105: 117000 | L105: 117000 | M105: 124000 | N105: 166000 | O105: 117000 | P105: 117000 | Q105: 117000 | R105: 117000 | S105: 117000 | T105: 124000 | U105: 166000 | V105: 117000 | W105: 117000 | X105: 117000 | Y105: 117000 | Z105: 117000 | AA105: 124000 | AB105: 166000 | AC105: 117000 | AD105: 117000 | AE105: 117000 | AF105: 117000 | AG105: 117000
...

Sheet 5월(무기명)
A1: ■ 2026년 5월 - 무기명
A2: 영업장명 | B2: 객실타입 | C2: 객실명 | D2: 46143 | E2: 46144 | F2: 46145 | G2: 46146 | H2: 46147 | I2: 46148 | J2: 46149 | K2: 46150 | L2: 46151 | M2: 46152 | N2: 46153 | O2: 46154 | P2: 46155 | Q2: 46156 | R2: 46157 | S2: 46158 | T2: 46159 | U2: 46160 | V2: 46161 | W2: 46162 | X2: 46163 | Y2: 46164 | Z2: 46165 | AA2: 46166 | AB2: 46167 | AC2: 46168 | AD2: 46169 | AE2: 46170 | AF2: 46171 | AG2: 46172 | AH2: 46173
D3: =D2 -> 46143 | E3: =E2 -> 46144 | F3: =F2 -> 46145 | G3: =G2 -> 46146 | H3: =H2 -> 46147 | I3: =I2 -> 46148 | J3: =J2 -> 46149 | K3: =K2 -> 46150 | ... AH3: =AH2 -> 46173
D4: 봄 극성수기 연휴 | E4: 봄 극성수기 연휴 | F4: 봄 극성수기 연휴 | G4: 봄 극성수기 연휴 | H4: 봄 비수기 화요일 | I4: 봄 비수기 수요일 | J4: 봄 비수기 목요일 | K4: 봄 비수기 준주말 | L4: 봄 비수기 주말 | M4: 봄 비수기 일요일 | N4: 봄 비수기 월요일 | O4: 봄 비수기 화요일 | P4: 봄 비수기 수요일 | Q4: 봄 비수기 목요일 | R4: 봄 비수기 준주말 | S4: 봄 비수기 주말 | T4: 봄 비수기 일요일 | U4: 봄 비수기 월요일 | V4: 봄 비수기 화요일 | W4: 봄 비수기 수요일 | X4: 봄 비수기 목요일 | Y4: 봄 극성수기 연휴 | Z4: 봄 극성수기 연휴 | AA4: 봄 극성수기 연휴 | AB4: 봄 비수기 월요일 | AC4: 봄 비수기 화요일 | AD4: 봄 비수기 수요일 | AE4: 봄 비수기 목요일 | AF4: 봄 비수기 준주말 | AG4: 봄 비수기 주말 | AH4: 봄 비수기 일요일
A5: 설악 쏘라노 | B5: FAM | C5: 디럭스 | D5: 241000 | E5: 241000 | F5: 241000 | G5: 241000 | H5: 139000 | I5: 139000 | J5: 139000 | K5: 159000 | L5: 214000 | M5: 139000 | N5: 139000 | O5: 139000 | P5: 139000 | Q5: 139000 | R5: 159000 | S5: 214000 | T5: 139000 | U5: 139000 | V5: 139000 | W5: 139000 | X5: 139000 | Y5: 241000 | Z5: 241000 | AA5: 241000 | AB5: 139000 | AC5: 139000 | AD5: 139000 | AE5: 139000 | AF5: 159000 | AG5: 214000 | AH5: 139000
A6: 설악 쏘라노 | B6: DMO | C6: 디럭스(모던) | D6: 291000 | E6: 291000 | F6: 291000 | G6: 291000 | H6: 169000 | I6: 169000 | J6: 169000 | K6: 209000 | L6: 264000 | M6: 169000 | N6: 169000 | O6: 169000 | P6: 169000 | Q6: 169000 | R6: 209000 | S6: 264000 | T6: 169000 | U6: 169000 | V6: 169000 | W6: 169000 | X6: 169000 | Y6: 291000 | Z6: 291000 | AA6: 291000 | AB6: 169000 | AC6: 169000 | AD6: 169000 | AE6: 169000 | AF6: 209000 | AG6: 264000 | AH6: 169000
A7: 설악 쏘라노 | B7: FSS | C7: 디럭스(원룸) | D7: 241000 | E7: 241000 | F7: 241000 | G7: 241000 | H7: 139000 | I7: 139000 | J7: 139000 | K7: 159000 | L7: 214000 | M7: 139000 | N7: 139000 | O7: 139000 | P7: 139000 | Q7: 139000 | R7: 159000 | S7: 214000 | T7: 139000 | U7: 139000 | V7: 139000 | W7: 139000 | X7: 139000 | Y7: 241000 | Z7: 241000 | AA7: 241000 | AB7: 139000 | AC7: 139000 | AD7: 139000 | AE7: 139000 | AF7: 159000 | AG7: 214000 | AH7: 139000
A8: 설악 쏘라노 | B8: HTE | C8: 디럭스(유러피언_원룸_호텔형) | D8: 301000 | E8: 301000 | F8: 301000 | G8: 301000 | H8: 179000 | I8: 179000 | J8: 179000 | K8: 219000 | L8: 274000 | M8: 179000 | N8: 179000 | O8: 179000 | P8: 179000 | Q8: 179000 | R8: 219000 | S8: 274000 | T8: 179000 | U8: 179000 | V8: 179000 | W8: 179000 | X8: 179000 | Y8: 301000 | Z8: 301000 | AA8: 301000 | AB8: 179000 | AC8: 179000 | AD8: 179000 | AE8: 179000 | AF8: 219000 | AG8: 274000 | AH8: 179000
A9: 설악 쏘라노 | B9: HTL | C9: 디럭스(원룸_호텔형) | D9: 241000 | E9: 241000 | F9: 241000 | G9: 241000 | H9: 139000 | I9: 139000 | J9: 139000 | K9: 159000 | L9: 214000 | M9: 139000 | N9: 139000 | O9: 139000 | P9: 139000 | Q9: 139000 | R9: 159000 | S9: 214000 | T9: 139000 | U9: 139000 | V9: 139000 | W9: 139000 | X9: 139000 | Y9: 241000 | Z9: 241000 | AA9: 241000 | AB9: 139000 | AC9: 139000 | AD9: 139000 | AE9: 139000 | AF9: 159000 | AG9: 214000 | AH9: 139000
A10: 설악 쏘라노 | B10: FTB | C10: 디럭스(트윈베드) | D10: 241000 | E10: 241000 | F10: 241000 | G10: 241000 | H10: 139000 | I10: 139000 | J10: 139000 | K10: 159000 | L10: 214000 | M10: 139000 | N10: 139000 | O10: 139000 | P10: 139000 | Q10: 139000 | R10: 159000 | S10: 214000 | T10: 139000 | U10: 139000 | V10: 139000 | W10: 139000 | X10: 139000 | Y10: 241000 | Z10: 241000 | AA10: 241000 | AB10: 139000 | AC10: 139000 | AD10: 139000 | AE10: 139000 | AF10: 159000 | AG10: 214000 | AH10: 139000
A11: 설악 쏘라노 | B11: FTL | C11: 디럭스(트윈베드_호텔형) | D11: 241000 | E11: 241000 | F11: 241000 | G11: 241000 | H11: 139000 | I11: 139000 | J11: 139000 | K11: 159000 | L11: 214000 | M11: 139000 | N11: 139000 | O11: 139000 | P11: 139000 | Q11: 139000 | R11: 159000 | S11: 214000 | T11: 139000 | U11: 139000 | V11: 139000 | W11: 139000 | X11: 139000 | Y11: 241000 | Z11: 241000 | AA11: 241000 | AB11: 139000 | AC11: 139000 | AD11: 139000 | AE11: 139000 | AF11: 159000 | AG11: 214000 | AH11: 139000
A12: 설악 쏘라노 | B12: TH1 | C12: 디럭스(티니핑 프린세스룸_호텔형) | D12: 301000 | E12: 301000 | F12: 301000 | G12: 301000 | H12: 169000 | I12: 169000 | J12: 169000 | K12: 219000 | L12: 274000 | M12: 169000 | N12: 169000 | O12: 169000 | P12: 169000 | Q12: 169000 | R12: 219000 | S12: 274000 | T12: 169000 | U12: 169000 | V12: 169000 | W12: 169000 | X12: 169000 | Y12: 301000 | Z12: 301000 | AA12: 301000 | AB12: 169000 | AC12: 169000 | AD12: 169000 | AE12: 169000 | AF12: 219000 | AG12: 274000 | AH12: 169000
A13: 설악 쏘라노 | B13: TH2 | C13: 디럭스(티니핑 연구소룸_호텔형) | D13: 301000 | E13: 301000 | F13: 301000 | G13: 301000 | H13: 169000 | I13: 169000 | J13: 169000 | K13: 219000 | L13: 274000 | M13: 169000 | N13: 169000 | O13: 169000 | P13: 169000 | Q13: 169000 | R13: 219000 | S13: 274000 | T13: 169000 | U13: 169000 | V13: 169000 | W13: 169000 | X13: 169000 | Y13: 301000 | Z13: 301000 | AA13: 301000 | AB13: 169000 | AC13: 169000 | AD13: 169000 | AE13: 169000 | AF13: 219000 | AG13: 274000 | AH13: 169000
A14: 설악 쏘라노 | B14: TH3 | C14: 디럭스(티니핑 슈팅스타룸_호텔형) | D14: 301000 | E14: 301000 | F14: 301000 | G14: 301000 | H14: 169000 | I14: 169000 | J14: 169000 | K14: 219000 | L14: 274000 | M14: 169000 | N14: 169000 | O14: 169000 | P14: 169000 | Q14: 169000 | R14: 219000 | S14: 274000 | T14: 169000 | U14: 169000 | V14: 169000 | W14: 169000 | X14: 169000 | Y14: 301000 | Z14: 301000 | AA14: 301000 | AB14: 169000 | AC14: 169000 | AD14: 169000 | AE14: 169000 | AF14: 219000 | AG14: 274000 | AH14: 169000
A15: 설악 쏘라노 | B15: RYL | C15: 로얄 | D15: 386000 | E15: 386000 | F15: 386000 | G15: 386000 | H15: 223000 | I15: 223000 | J15: 223000 | K15: 254000 | L15: 343000 | M15: 223000 | N15: 223000 | O15: 223000 | P15: 223000 | Q15: 223000 | R15: 254000 | S15: 343000 | T15: 223000 | U15: 223000 | V15: 223000 | W15: 223000 | X15: 223000 | Y15: 386000 | Z15: 386000 | AA15: 386000 | AB15: 223000 | AC15: 223000 | AD15: 223000 | AE15: 223000 | AF15: 254000 | AG15: 343000 | AH15: 223000
A16: 설악 쏘라노 | B16: RMO | C16: 로얄(모던) | D16: 436000 | E16: 436000 | F16: 436000 | G16: 436000 | H16: 253000 | I16: 253000 | J16: 253000 | K16: 304000 | L16: 393000 | M16: 253000 | N16: 253000 | O16: 253000 | P16: 253000 | Q16: 253000 | R16: 304000 | S16: 393000 | T16: 253000 | U16: 253000 | V16: 253000 | W16: 253000 | X16: 253000 | Y16: 436000 | Z16: 436000 | AA16: 436000 | AB16: 253000 | AC16: 253000 | AD16: 253000 | AE16: 253000 | AF16: 304000 | AG16: 393000 | AH16: 253000
... A19: 영업장명 | B19: 객실타입 | C19: 객실명 | D19: 46143 | E19: 46144 | F19: 46145 | G19: 46146 | H19: 46147 | I19: 46148 | J19: 46149 | K19: 46150 | L19: 46151 | M19: 46152 | N19: 46153 | O19: 46154 | P19: 46155 | Q19: 46156 | R19: 46157 | S19: 46158 | T19: 46159 | U19: 46160 | V19: 46161 | W19: 46162 | X19: 46163 | Y19: 46164 | Z19: 46165 | AA19: 46166 | AB19: 46167 | AC19: 46168 | AD19: 46169 | AE19: 46170 | AF19: 46171 | AG19: 46172 | AH19: 46173
D20: =D19 -> 46143 | E20: =E19 -> 46144 | F20: =F19 -> 46145 | G20: =G19 -> 46146 | H20: =H19 -> 46147 | I20: =I19 -> 46148 | J20: =J19 -> 46149 | K20: =K19 -> 46150 | ... AH20: =AH19 -> 46173
D21: 봄 극성수기 연휴 | E21: 봄 극성수기 연휴 | F21: 봄 극성수기 연휴 | G21: 봄 극성수기 연휴 | H21: 봄 비수기 화요일 | I21: 봄 비수기 수요일 | J21: 봄 비수기 목요일 | K21: 봄 비수기 준주말 | L21: 봄 비수기 주말 | M21: 봄 비수기 일요일 | N21: 봄 비수기 월요일 | O21: 봄 비수기 화요일 | P21: 봄 비수기 수요일 | Q21: 봄 비수기 목요일 | R21: 봄 비수기 준주말 | S21: 봄 비수기 주말 | T21: 봄 비수기 일요일 | U21: 봄 비수기 월요일 | V21: 봄 비수기 화요일 | W21: 봄 비수기 수요일 | X21: 봄 비수기 목요일 | Y21: 봄 극성수기 연휴 | Z21: 봄 극성수기 연휴 | AA21: 봄 극성수기 연휴 | AB21: 봄 비수기 월요일 | AC21: 봄 비수기 화요일 | AD21: 봄 비수기 수요일 | AE21: 봄 비수기 목요일 | AF21: 봄 비수기 준주말 | AG21: 봄 비수기 주말 | AH21: 봄 비수기 일요일
A22: 설악 별관 | B22: FAM | C22: 디럭스 | D22: 192000 | E22: 192000 | F22: 192000 | G22: 192000 | H22: 123000 | I22: 123000 | J22: 123000 | K22: 136000 | L22: 160000 | M22: 123000 | N22: 123000 | O22: 123000 | P22: 123000 | Q22: 123000 | R22: 136000 | S22: 160000 | T22: 123000 | U22: 123000 | V22: 123000 | W22: 123000 | X22: 123000 | Y22: 192000 | Z22: 192000 | AA22: 192000 | AB22: 123000 | AC22: 123000 | AD22: 123000 | AE22: 123000 | AF22: 136000 | AG22: 160000 | AH22: 123000
A23: 설악 별관 | B23: RYL | C23: 로얄 | D23: 307000 | E23: 307000 | F23: 307000 | G23: 307000 | H23: 197000 | I23: 197000 | J23: 197000 | K23: 218000 | L23: 255000 | M23: 197000 | N23: 197000 | O23: 197000 | P23: 197000 | Q23: 197000 | R23: 218000 | S23: 255000 | T23: 197000 | U23: 197000 | V23: 197000 | W23: 197000 | X23: 197000 | Y23: 307000 | Z23: 307000 | AA23: 307000 | AB23: 197000 | AC23: 197000 | AD23: 197000 | AE23: 197000 | AF23: 218000 | AG23: 255000 | AH23: 197000
A24: 영업장명 | B24: 객실타입 | C24: 객실명 | D24: 46143 | E24: 46144 | F24: 46145 | G24: 46146 | H24: 46147 | I24: 46148 | J24: 46149 | K24: 46150 | L24: 46151 | M24: 46152 | N24: 46153 | O24: 46154 | P24: 46155 | Q24: 46156 | R24: 46157 | S24: 46158 | T24: 46159 | U24: 46160 | V24: 46161 | W24: 46162 | X24: 46163 | Y24: 46164 | Z24: 46165 | AA24: 46166 | AB24: 46167 | AC24: 46168 | AD24: 46169 | AE24: 46170 | AF24: 46171 | AG24: 46172 | AH24: 46173
D25: =D24 -> 46143 | E25: =E24 -> 46144 | F25: =F24 -> 46145 | G25: =G24 -> 46146 | H25: =H24 -> 46147 | I25: =I24 -> 46148 | J25: =J24 -> 46149 | K25: =K24 -> 46150 | ... AH25: =AH24 -> 46173
D26: 봄 극성수기 연휴 | E26: 봄 극성수기 연휴 | F26: 봄 극성수기 연휴 | G26: 봄 극성수기 연휴 | H26: 봄 비수기 화요일 | I26: 봄 비수기 수요일 | J26: 봄 비수기 목요일 | K26: 봄 비수기 준주말 | L26: 봄 비수기 주말 | M26: 봄 비수기 일요일 | N26: 봄 비수기 월요일 | O26: 봄 비수기 화요일 | P26: 봄 비수기 수요일 | Q26: 봄 비수기 목요일 | R26: 봄 비수기 준주말 | S26: 봄 비수기 주말 | T26: 봄 비수기 일요일 | U26: 봄 비수기 월요일 | V26: 봄 비수기 화요일 | W26: 봄 비수기 수요일 | X26: 봄 비수기 목요일 | Y26: 봄 극성수기 연휴 | Z26: 봄 극성수기 연휴 | AA26: 봄 극성수기 연휴 | AB26: 봄 비수기 월요일 | AC26: 봄 비수기 화요일 | AD26: 봄 비수기 수요일 | AE26: 봄 비수기 목요일 | AF26: 봄 비수기 준주말 | AG26: 봄 비수기 주말 | AH26: 봄 비수기 일요일
A27: 용인 베잔송 | B27: FAM | C27: 디럭스 | D27: 232000 | E27: 232000 | F27: 232000 | G27: 232000 | H27: 128000 | I27: 128000 | J27: 128000 | K27: 142000 | L27: 203000 | M27: 128000 | N27: 128000 | O27: 128000 | P27: 128000 | Q27: 128000 | R27: 142000 | S27: 203000 | T27: 128000 | U27: 128000 | V27: 128000 | W27: 128000 | X27: 128000 | Y27: 232000 | Z27: 232000 | AA27: 232000 | AB27: 128000 | AC27: 128000 | AD27: 128000 | AE27: 128000 | AF27: 142000 | AG27: 203000 | AH27: 128000
A28: 용인 베잔송 | B28: HTL | C28: 디럭스(호텔형) | D28: 232000 | E28: 232000 | F28: 232000 | G28: 232000 | H28: 128000 | I28: 128000 | J28: 128000 | K28: 142000 | L28: 203000 | M28: 128000 | N28: 128000 | O28: 128000 | P28: 128000 | Q28: 128000 | R28: 142000 | S28: 203000 | T28: 128000 | U28: 128000 | V28: 128000 | W28: 128000 | X28: 128000 | Y28: 232000 | Z28: 232000 | AA28: 232000 | AB28: 128000 | AC28: 128000 | AD28: 128000 | AE28: 128000 | AF28: 142000 | AG28: 203000 | AH28: 128000
A29: 용인 베잔송 | B29: FST | C29: 디럭스(싱글트윈) | D29: 232000 | E29: 232000 | F29: 232000 | G29: 232000 | H29: 128000 | I29: 128000 | J29: 128000 | K29: 142000 | L29: 203000 | M29: 128000 | N29: 128000 | O29: 128000 | P29: 128000 | Q29: 128000 | R29: 142000 | S29: 203000 | T29: 128000 | U29: 128000 | V29: 128000 | W29: 128000 | X29: 128000 | Y29: 232000 | Z29: 232000 | AA29: 232000 | AB29: 128000 | AC29: 128000 | AD29: 128000 | AE29: 128000 | AF29: 142000 | AG29: 203000 | AH29: 128000
A30: 용인 베잔송 | B30: TH1 | C30: 디럭스(티니핑 프린세스룸_호텔형) | D30: 292000 | E30: 292000 | F30: 292000 | G30: 292000 | H30: 158000 | I30: 158000 | J30: 158000 | K30: 202000 | L30: 263000 | M30: 158000 | N30: 158000 | O30: 158000 | P30: 158000 | Q30: 158000 | R30: 202000 | S30: 263000 | T30: 158000 | U30: 158000 | V30: 158000 | W30: 158000 | X30: 158000 | Y30: 292000 | Z30: 292000 | AA30: 292000 | AB30: 158000 | AC30: 158000 | AD30: 158000 | AE30: 158000 | AF30: 202000 | AG30: 263000 | AH30: 158000
A31: 용인 베잔송 | B31: TH2 | C31: 디럭스(티니핑 연구소룸_호텔형) | D31: 292000 | E31: 292000 | F31: 292000 | G31: 292000 | H31: 158000 | I31: 158000 | J31: 158000 | K31: 202000 | L31: 263000 | M31: 158000 | N31: 158000 | O31: 158000 | P31: 158000 | Q31: 158000 | R31: 202000 | S31: 263000 | T31: 158000 | U31: 158000 | V31: 158000 | W31: 158000 | X31: 158000 | Y31: 292000 | Z31: 292000 | AA31: 292000 | AB31: 158000 | AC31: 158000 | AD31: 158000 | AE31: 158000 | AF31: 202000 | AG31: 263000 | AH31: 158000
A32: 용인 베잔송 | B32: TH3 | C32: 디럭스(티니핑 슈팅스타룸_호텔형) | D32: 292000 | E32: 292000 | F32: 292000 | G32: 292000 | H32: 158000 | I32: 158000 | J32: 158000 | K32: 202000 | L32: 263000 | M32: 158000 | N32: 158000 | O32: 158000 | P32: 158000 | Q32: 158000 | R32: 202000 | S32: 263000 | T32: 158000 | U32: 158000 | V32: 158000 | W32: 158000 | X32: 158000 | Y32: 292000 | Z32: 292000 | AA32: 292000 | AB32: 158000 | AC32: 158000 | AD32: 158000 | AE32: 158000 | AF32: 202000 | AG32: 263000 | AH32: 158000
A33: 용인 베잔송 | B33: RYL | C33: 로얄 | D33: 371000 | E33: 371000 | F33: 371000 | G33: 371000 | H33: 205000 | I33: 205000 | J33: 205000 | K33: 227000 | L33: 325000 | M33: 205000 | N33: 205000 | O33: 205000 | P33: 205000 | Q33: 205000 | R33: 227000 | S33: 325000 | T33: 205000 | U33: 205000 | V33: 205000 | W33: 205000 | X33: 205000 | Y33: 371000 | Z33: 371000 | AA33: 371000 | AB33: 205000 | AC33: 205000 | AD33: 205000 | AE33: 205000 | AF33: 227000 | AG33: 325000 | AH33: 205000
A34: 영업장명 | B34: 객실타입 | C34: 객실명 | D34: 46143 | E34: 46144 | F34: 46145 | G34: 46146 | H34: 46147 | I34: 46148 | J34: 46149 | K34: 46150 | L34: 46151 | M34: 46152 | N34: 46153 | O34: 46154 | P34: 46155 | Q34: 46156 | R34: 46157 | S34: 46158 | T34: 46159 | U34: 46160 | V34: 46161 | W34: 46162 | X34: 46163 | Y34: 46164 | Z34: 46165 | AA34: 46166 | AB34: 46167 | AC34: 46168 | AD34: 46169 | AE34: 46170 | AF34: 46171 | AG34: 46172 | AH34: 46173
D35: =D34 -> 46143 | E35: =E34 -> 46144 | F35: =F34 -> 46145 | G35: =G34 -> 46146 | H35: =H34 -> 46147 | I35: =I34 -> 46148 | J35: =J34 -> 46149 | K35: =K34 -> 46150 | ... AH35: =AH34 -> 46173
D36: 봄 극성수기 연휴 | E36: 봄 극성수기 연휴 | F36: 봄 극성수기 연휴 | G36: 봄 극성수기 연휴 | H36: 봄 비수기 화요일 | I36: 봄 비수기 수요일 | J36: 봄 비수기 목요일 | K36: 봄 비수기 준주말 | L36: 봄 비수기 주말 | M36: 봄 비수기 일요일 | N36: 봄 비수기 월요일 | O36: 봄 비수기 화요일 | P36: 봄 비수기 수요일 | Q36: 봄 비수기 목요일 | R36: 봄 비수기 준주말 | S36: 봄 비수기 주말 | T36: 봄 비수기 일요일 | U36: 봄 비수기 월요일 | V36: 봄 비수기 화요일 | W36: 봄 비수기 수요일 | X36: 봄 비수기 목요일 | Y36: 봄 극성수기 연휴 | Z36: 봄 극성수기 연휴 | AA36: 봄 극성수기 연휴 | AB36: 봄 비수기 월요일 | AC36: 봄 비수기 화요일 | AD36: 봄 비수기 수요일 | AE36: 봄 비수기 목요일 | AF36: 봄 비수기 준주말 | AG36: 봄 비수기 주말 | AH36: 봄 비수기 일요일
A37: 산정호수 안시 | B37: FAM | C37: 디럭스 | D37: 236000 | E37: 236000 | F37: 236000 | G37: 236000 | H37: 132000 | I37: 132000 | J37: 132000 | K37: 141000 | L37: 215000 | M37: 132000 | N37: 132000 | O37: 132000 | P37: 132000 | Q37: 132000 | R37: 141000 | S37: 215000 | T37: 132000 | U37: 132000 | V37: 132000 | W37: 132000 | X37: 132000 | Y37: 236000 | Z37: 236000 | AA37: 236000 | AB37: 132000 | AC37: 132000 | AD37: 132000 | AE37: 132000 | AF37: 141000 | AG37: 215000 | AH37: 132000
A38: 산정호수 안시 | B38: HTL | C38: 디럭스(호텔형) | D38: 236000 | E38: 236000 | F38: 236000 | G38: 236000 | H38: 132000 | I38: 132000 | J38: 132000 | K38: 141000 | L38: 215000 | M38: 132000 | N38: 132000 | O38: 132000 | P38: 132000 | Q38: 132000 | R38: 141000 | S38: 215000 | T38: 132000 | U38: 132000 | V38: 132000 | W38: 132000 | X38: 132000 | Y38: 236000 | Z38: 236000 | AA38: 236000 | AB38: 132000 | AC38: 132000 | AD38: 132000 | AE38: 132000 | AF38: 141000 | AG38: 215000 | AH38: 132000
A39: 산정호수 안시 | B39: FST | C39: 디럭스(싱글트윈) | D39: 236000 | E39: 236000 | F39: 236000 | G39: 236000 | H39: 132000 | I39: 132000 | J39: 132000 | K39: 141000 | L39: 215000 | M39: 132000 | N39: 132000 | O39: 132000 | P39: 132000 | Q39: 132000 | R39: 141000 | S39: 215000 | T39: 132000 | U39: 132000 | V39: 132000 | W39: 132000 | X39: 132000 | Y39: 236000 | Z39: 236000 | AA39: 236000 | AB39: 132000 | AC39: 132000 | AD39: 132000 | AE39: 132000 | AF39: 141000 | AG39: 215000 | AH39: 132000
A40: 산정호수 안시 | B40: RYL | C40: 로얄 | D40: 378000 | E40: 378000 | F40: 378000 | G40: 378000 | H40: 210000 | I40: 210000 | J40: 210000 | K40: 225000 | L40: 345000 | M40: 210000 | N40: 210000 | O40: 210000 | P40: 210000 | Q40: 210000 | R40: 225000 | S40: 345000 | T40: 210000 | U40: 210000 | V40: 210000 | W40: 210000 | X40: 210000 | Y40: 378000 | Z40: 378000 | AA40: 378000 | AB40: 210000 | AC40: 210000 | AD40: 210000 | AE40: 210000 | AF40: 225000 | AG40: 345000 | AH40: 210000
A41: 영업장명 | B41: 객실타입 | C41: 객실명 | D41: 46143 | E41: 46144 | F41: 46145 | G41: 46146 | H41: 46147 | I41: 46148 | J41: 46149 | K41: 46150 | L41: 46151 | M41: 46152 | N41: 46153 | O41: 46154 | P41: 46155 | Q41: 46156 | R41: 46157 | S41: 46158 | T41: 46159 | U41: 46160 | V41: 46161 | W41: 46162 | X41: 46163 | Y41: 46164 | Z41: 46165 | AA41: 46166 | AB41: 46167 | AC41: 46168 | AD41: 46169 | AE41: 46170 | AF41: 46171 | AG41: 46172 | AH41: 46173
D42: =D41 -> 46143 | E42: =E41 -> 46144 | F42: =F41 -> 46145 | G42: =G41 -> 46146 | H42: =H41 -> 46147 | I42: =I41 -> 46148 | J42: =J41 -> 46149 | K42: =K41 -> 46150 | ... AH42: =AH41 -> 46173
D43: 봄 극성수기 연휴 | E43: 봄 극성수기 연휴 | F43: 봄 극성수기 연휴 | G43: 봄 극성수기 연휴 | H43: 봄 비수기 화요일 | I43: 봄 비수기 수요일 | J43: 봄 비수기 목요일 | K43: 봄 비수기 준주말 | L43: 봄 비수기 주말 | M43: 봄 비수기 일요일 | N43: 봄 비수기 월요일 | O43: 봄 비수기 화요일 | P43: 봄 비수기 수요일 | Q43: 봄 비수기 목요일 | R43: 봄 비수기 준주말 | S43: 봄 비수기 주말 | T43: 봄 비수기 일요일 | U43: 봄 비수기 월요일 | V43: 봄 비수기 화요일 | W43: 봄 비수기 수요일 | X43: 봄 비수기 목요일 | Y43: 봄 극성수기 연휴 | Z43: 봄 극성수기 연휴 | AA43: 봄 극성수기 연휴 | AB43: 봄 비수기 월요일 | AC43: 봄 비수기 화요일 | AD43: 봄 비수기 수요일 | AE43: 봄 비수기 목요일 | AF43: 봄 비수기 준주말 | AG43: 봄 비수기 주말 | AH43: 봄 비수기 일요일
A44: 해운대 | B44: HTJ | C44: 디럭스(원룸_재즈_호텔형) | D44: 271000 | E44: 271000 | F44: 271000 | G44: 271000 | H44: 167000 | I44: 167000 | J44: 167000 | K44: 176000 | L44: 256000 | M44: 167000 | N44: 167000 | O44: 167000 | P44: 167000 | Q44: 167000 | R44: 176000 | S44: 256000 | T44: 167000 | U44: 167000 | V44: 167000 | W44: 167000 | X44: 167000 | Y44: 271000 | Z44: 271000 | AA44: 271000 | AB44: 167000 | AC44: 167000 | AD44: 167000 | AE44: 167000 | AF44: 176000 | AG44: 256000 | AH44: 167000
A45: 해운대 | B45: HTP | C45: 디럭스(원룸_팝_호텔형) | D45: 271000 | E45: 271000 | F45: 271000 | G45: 271000 | H45: 167000 | I45: 167000 | J45: 167000 | K45: 176000 | L45: 256000 | M45: 167000 | N45: 167000 | O45: 167000 | P45: 167000 | Q45: 167000 | R45: 176000 | S45: 256000 | T45: 167000 | U45: 167000 | V45: 167000 | W45: 167000 | X45: 167000 | Y45: 271000 | Z45: 271000 | AA45: 271000 | AB45: 167000 | AC45: 167000 | AD45: 167000 | AE45: 167000 | AF45: 176000 | AG45: 256000 | AH45: 167000
A46: 해운대 | B46: FOR | C46: 디럭스(오륙도뷰) | D46: 266000 | E46: 266000 | F46: 266000 | G46: 266000 | H46: 162000 | I46: 162000 | J46: 162000 | K46: 171000 | L46: 251000 | M46: 162000 | N46: 162000 | O46: 162000 | P46: 162000 | Q46: 162000 | R46: 171000 | S46: 251000 | T46: 162000 | U46: 162000 | V46: 162000 | W46: 162000 | X46: 162000 | Y46: 266000 | Z46: 266000 | AA46: 266000 | AB46: 162000 | AC46: 162000 | AD46: 162000 | AE46: 162000 | AF46: 171000 | AG46: 251000 | AH46: 162000
A47: 해운대 | B47: FOB | C47: 디럭스(오륙도뷰_알앤비_호텔형) | D47: 296000 | E47: 296000 | F47: 296000 | G47: 296000 | H47: 192000 | I47: 192000 | J47: 192000 | K47: 201000 | L47: 281000 | M47: 192000 | N47: 192000 | O47: 192000 | P47: 192000 | Q47: 192000 | R47: 201000 | S47: 281000 | T47: 192000 | U47: 192000 | V47: 192000 | W47: 192000 | X47: 192000 | Y47: 296000 | Z47: 296000 | AA47: 296000 | AB47: 192000 | AC47: 192000 | AD47: 192000 | AE47: 192000 | AF47: 201000 | AG47: 281000 | AH47: 192000
A48: 해운대 | B48: HTL | C48: 패밀리(원룸_호텔형) | D48: 241000 | E48: 241000 | F48: 241000 | G48: 241000 | H48: 137000 | I48: 137000 | J48: 137000 | K48: 146000 | L48: 226000 | M48: 137000 | N48: 137000 | O48: 137000 | P48: 137000 | Q48: 137000 | R48: 146000 | S48: 226000 | T48: 137000 | U48: 137000 | V48: 137000 | W48: 137000 | X48: 137000 | Y48: 241000 | Z48: 241000 | AA48: 241000 | AB48: 137000 | AC48: 137000 | AD48: 137000 | AE48: 137000 | AF48: 146000 | AG48: 226000 | AH48: 137000
A49: 해운대 | B49: FAQ | C49: 디럭스(오션뷰_호텔형) | D49: 281000 | E49: 281000 | F49: 281000 | G49: 281000 | H49: 177000 | I49: 177000 | J49: 177000 | K49: 186000 | L49: 266000 | M49: 177000 | N49: 177000 | O49: 177000 | P49: 177000 | Q49: 177000 | R49: 186000 | S49: 266000 | T49: 177000 | U49: 177000 | V49: 177000 | W49: 177000 | X49: 177000 | Y49: 281000 | Z49: 281000 | AA49: 281000 | AB49: 177000 | AC49: 177000 | AD49: 177000 | AE49: 177000 | AF49: 186000 | AG49: 266000 | AH49: 177000
A50: 해운대 | B50: FQJ | C50: 디럭스(오션뷰_재즈_호텔형) | D50: 311000 | E50: 311000 | F50: 311000 | G50: 311000 | H50: 207000 | I50: 207000 | J50: 207000 | K50: 216000 | L50: 296000 | M50: 207000 | N50: 207000 | O50: 207000 | P50: 207000 | Q50: 207000 | R50: 216000 | S50: 296000 | T50: 207000 | U50: 207000 | V50: 207000 | W50: 207000 | X50: 207000 | Y50: 311000 | Z50: 311000 | AA50: 311000 | AB50: 207000 | AC50: 207000 | AD50: 207000 | AE50: 207000 | AF50: 216000 | AG50: 296000 | AH50: 207000
A51: 해운대 | B51: FAK | C51: 패밀리(키즈룸_원룸_호텔형) | D51: 271000 | E51: 271000 | F51: 271000 | G51: 271000 | H51: 167000 | I51: 167000 | J51: 167000 | K51: 176000 | L51: 256000 | M51: 167000 | N51: 167000 | O51: 167000 | P51: 167000 | Q51: 167000 | R51: 176000 | S51: 256000 | T51: 167000 | U51: 167000 | V51: 167000 | W51: 167000 | X51: 167000 | Y51: 271000 | Z51: 271000 | AA51: 271000 | AB51: 167000 | AC51: 167000 | AD51: 167000 | AE51: 167000 | AF51: 176000 | AG51: 256000 | AH51: 167000
A52: 해운대 | B52: HTT | C52: 패밀리(시네마_원룸_호텔형) | D52: 256000 | E52: 256000 | F52: 256000 | G52: 256000 | H52: 152000 | I52: 152000 | J52: 152000 | K52: 161000 | L52: 241000 | M52: 152000 | N52: 152000 | O52: 152000 | P52: 152000 | Q52: 152000 | R52: 161000 | S52: 241000 | T52: 152000 | U52: 152000 | V52: 152000 | W52: 152000 | X52: 152000 | Y52: 256000 | Z52: 256000 | AA52: 256000 | AB52: 152000 | AC52: 152000 | AD52: 152000 | AE52: 152000 | AF52: 161000 | AG52: 241000 | AH52: 152000
A53: 해운대 | B53: FAW | C53: 패밀리(워케이션_원룸_호텔형) | D53: 256000 | E53: 256000 | F53: 256000 | G53: 256000 | H53: 152000 | I53: 152000 | J53: 152000 | K53: 161000 | L53: 241000 | M53: 152000 | N53: 152000 | O53: 152000 | P53: 152000 | Q53: 152000 | R53: 161000 | S53: 241000 | T53: 152000 | U53: 152000 | V53: 152000 | W53: 152000 | X53: 152000 | Y53: 256000 | Z53: 256000 | AA53: 256000 | AB53: 152000 | AC53: 152000 | AD53: 152000 | AE53: 152000 | AF53: 161000 | AG53: 241000 | AH53: 152000
A54: 해운대 | B54: RYL | C54: 로얄(오션뷰) | D54: 412000 | E54: 412000 | F54: 412000 | G54: 412000 | H54: 250000 | I54: 250000 | J54: 250000 | K54: 264000 | L54: 387000 | M54: 250000 | N54: 250000 | O54: 250000 | P54: 250000 | Q54: 250000 | R54: 264000 | S54: 387000 | T54: 250000 | U54: 250000 | V54: 250000 | W54: 250000 | X54: 250000 | Y54: 412000 | Z54: 412000 | AA54: 412000 | AB54: 250000 | AC54: 250000 | AD54: 250000 | AE54: 250000 | AF54: 264000 | AG54: 387000 | AH54: 250000
A55: 해운대 | B55: RYH | C55: 로얄(힐링룸) | D55: 442000 | E55: 442000 | F55: 442000 | G55: 442000 | H55: 280000 | I55: 280000 | J55: 280000 | K55: 294000 | L55: 417000 | M55: 280000 | N55: 280000 | O55: 280000 | P55: 280000 | Q55: 280000 | R55: 294000 | S55: 417000 | T55: 280000 | U55: 280000 | V55: 280000 | W55: 280000 | X55: 280000 | Y55: 442000 | Z55: 442000 | AA55: 442000 | AB55: 280000 | AC55: 280000 | AD55: 280000 | AE55: 280000 | AF55: 294000 | AG55: 417000 | AH55: 280000
A56: 영업장명 | B56: 객실타입 | C56: 객실명 | D56: 46143 | E56: 46144 | F56: 46145 | G56: 46146 | H56: 46147 | I56: 46148 | J56: 46149 | K56: 46150 | L56: 46151 | M56: 46152 | N56: 46153 | O56: 46154 | P56: 46155 | Q56: 46156 | R56: 46157 | S56: 46158 | T56: 46159 | U56: 46160 | V56: 46161 | W56: 46162 | X56: 46163 | Y56: 46164 | Z56: 46165 | AA56: 46166 | AB56: 46167 | AC56: 46168 | AD56: 46169 | AE56: 46170 | AF56: 46171 | AG56: 46172 | AH56: 46173
D57: =D56 -> 46143 | E57: =E56 -> 46144 | F57: =F56 -> 46145 | G57: =G56 -> 46146 | H57: =H56 -> 46147 | I57: =I56 -> 46148 | J57: =J56 -> 46149 | K57: =K56 -> 46150 | ... AH57: =AH56 -> 46173
D58: 봄 극성수기 연휴 | E58: 봄 극성수기 연휴 | F58: 봄 극성수기 연휴 | G58: 봄 극성수기 연휴 | H58: 봄 비수기 화요일 | I58: 봄 비수기 수요일 | J58: 봄 비수기 목요일 | K58: 봄 비수기 준주말 | L58: 봄 비수기 주말 | M58: 봄 비수기 일요일 | N58: 봄 비수기 월요일 | O58: 봄 비수기 화요일 | P58: 봄 비수기 수요일 | Q58: 봄 비수기 목요일 | R58: 봄 비수기 준주말 | S58: 봄 비수기 주말 | T58: 봄 비수기 일요일 | U58: 봄 비수기 월요일 | V58: 봄 비수기 화요일 | W58: 봄 비수기 수요일 | X58: 봄 비수기 목요일 | Y58: 봄 극성수기 연휴 | Z58: 봄 극성수기 연휴 | AA58: 봄 극성수기 연휴 | AB58: 봄 비수기 월요일 | AC58: 봄 비수기 화요일 | AD58: 봄 비수기 수요일 | AE58: 봄 비수기 목요일 | AF58: 봄 비수기 준주말 | AG58: 봄 비수기 주말 | AH58: 봄 비수기 일요일
A59: 대천 파로스 | B59: FAM | C59: 디럭스 | D59: 236000 | E59: 236000 | F59: 236000 | G59: 236000 | H59: 125000 | I59: 125000 | J59: 125000 | K59: 144000 | L59: 212000 | M59: 125000 | N59: 125000 | O59: 125000 | P59: 125000 | Q59: 125000 | R59: 144000 | S59: 212000 | T59: 125000 | U59: 125000 | V59: 125000 | W59: 125000 | X59: 125000 | Y59: 236000 | Z59: 236000 | AA59: 236000 | AB59: 125000 | AC59: 125000 | AD59: 125000 | AE59: 125000 | AF59: 144000 | AG59: 212000 | AH59: 125000
A60: 대천 파로스 | B60: DTL | C60: 디럭스(호텔형) | D60: 236000 | E60: 236000 | F60: 236000 | G60: 236000 | H60: 125000 | I60: 125000 | J60: 125000 | K60: 144000 | L60: 212000 | M60: 125000 | N60: 125000 | O60: 125000 | P60: 125000 | Q60: 125000 | R60: 144000 | S60: 212000 | T60: 125000 | U60: 125000 | V60: 125000 | W60: 125000 | X60: 125000 | Y60: 236000 | Z60: 236000 | AA60: 236000 | AB60: 125000 | AC60: 125000 | AD60: 125000 | AE60: 125000 | AF60: 144000 | AG60: 212000 | AH60: 125000
A61: 대천 파로스 | B61: FAQ | C61: 디럭스(오션뷰) | D61: 276000 | E61: 276000 | F61: 276000 | G61: 276000 | H61: 165000 | I61: 165000 | J61: 165000 | K61: 184000 | L61: 252000 | M61: 165000 | N61: 165000 | O61: 165000 | P61: 165000 | Q61: 165000 | R61: 184000 | S61: 252000 | T61: 165000 | U61: 165000 | V61: 165000 | W61: 165000 | X61: 165000 | Y61: 276000 | Z61: 276000 | AA61: 276000 | AB61: 165000 | AC61: 165000 | AD61: 165000 | AE61: 165000 | AF61: 184000 | AG61: 252000 | AH61: 165000
A62: 대천 파로스 | B62: DHQ | C62: 디럭스(호텔형_오션뷰) | D62: 276000 | E62: 276000 | F62: 276000 | G62: 276000 | H62: 165000 | I62: 165000 | J62: 165000 | K62: 184000 | L62: 252000 | M62: 165000 | N62: 165000 | O62: 165000 | P62: 165000 | Q62: 165000 | R62: 184000 | S62: 252000 | T62: 165000 | U62: 165000 | V62: 165000 | W62: 165000 | X62: 165000 | Y62: 276000 | Z62: 276000 | AA62: 276000 | AB62: 165000 | AC62: 165000 | AD62: 165000 | AE62: 165000 | AF62: 184000 | AG62: 252000 | AH62: 165000
A63: 대천 파로스 | B63: PO1 | C63: 디럭스(뽀로로 MAKE) | D63: 251000 | E63: 251000 | F63: 251000 | G63: 251000 | H63: 140000 | I63: 140000 | J63: 140000 | K63: 159000 | L63: 227000 | M63: 140000 | N63: 140000 | O63: 140000 | P63: 140000 | Q63: 140000 | R63: 159000 | S63: 227000 | T63: 140000 | U63: 140000 | V63: 140000 | W63: 140000 | X63: 140000 | Y63: 251000 | Z63: 251000 | AA63: 251000 | AB63: 140000 | AC63: 140000 | AD63: 140000 | AE63: 140000 | AF63: 159000 | AG63: 227000 | AH63: 140000
A64: 대천 파로스 | B64: PO2 | C64: 디럭스(뽀로로 READ) | D64: 251000 | E64: 251000 | F64: 251000 | G64: 251000 | H64: 140000 | I64: 140000 | J64: 140000 | K64: 159000 | L64: 227000 | M64: 140000 | N64: 140000 | O64: 140000 | P64: 140000 | Q64: 140000 | R64: 159000 | S64: 227000 | T64: 140000 | U64: 140000 | V64: 140000 | W64: 140000 | X64: 140000 | Y64: 251000 | Z64: 251000 | AA64: 251000 | AB64: 140000 | AC64: 140000 | AD64: 140000 | AE64: 140000 | AF64: 159000 | AG64: 227000 | AH64: 140000
A65: 대천 파로스 | B65: PO5 | C65: 디럭스(뽀로로 PEEKABOO) | D65: 251000 | E65: 251000 | F65: 251000 | G65: 251000 | H65: 140000 | I65: 140000 | J65: 140000 | K65: 159000 | L65: 227000 | M65: 140000 | N65: 140000 | O65: 140000 | P65: 140000 | Q65: 140000 | R65: 159000 | S65: 227000 | T65: 140000 | U65: 140000 | V65: 140000 | W65: 140000 | X65: 140000 | Y65: 251000 | Z65: 251000 | AA65: 251000 | AB65: 140000 | AC65: 140000 | AD65: 140000 | AE65: 140000 | AF65: 159000 | AG65: 227000 | AH65: 140000
A66: 대천 파로스 | B66: DLC | C66: 디럭스(시네마_원룸_호텔형) | D66: 286000 | E66: 286000 | F66: 286000 | G66: 286000 | H66: 175000 | I66: 175000 | J66: 175000 | K66: 194000 | L66: 262000 | M66: 175000 | N66: 175000 | O66: 175000 | P66: 175000 | Q66: 175000 | R66: 194000 | S66: 262000 | T66: 175000 | U66: 175000 | V66: 175000 | W66: 175000 | X66: 175000 | Y66: 286000 | Z66: 286000 | AA66: 286000 | AB66: 175000 | AC66: 175000 | AD66: 175000 | AE66: 175000 | AF66: 194000 | AG66: 262000 | AH66: 175000
A67: 대천 파로스 | B67: SUI | C67: 스위트 | D67: 283000 | E67: 283000 | F67: 283000 | G67: 283000 | H67: 158000 | I67: 158000 | J67: 158000 | K67: 191000 | L67: 255000 | M67: 158000 | N67: 158000 | O67: 158000 | P67: 158000 | Q67: 158000 | R67: 191000 | S67: 255000 | T67: 158000 | U67: 158000 | V67: 158000 | W67: 158000 | X67: 158000 | Y67: 283000 | Z67: 283000 | AA67: 283000 | AB67: 158000 | AC67: 158000 | AD67: 158000 | AE67: 158000 | AF67: 191000 | AG67: 255000 | AH67: 158000
A68: 대천 파로스 | B68: SHI | C68: 스위트(호텔형) | D68: 283000 | E68: 283000 | F68: 283000 | G68: 283000 | H68: 158000 | I68: 158000 | J68: 158000 | K68: 191000 | L68: 255000 | M68: 158000 | N68: 158000 | O68: 158000 | P68: 158000 | Q68: 158000 | R68: 191000 | S68: 255000 | T68: 158000 | U68: 158000 | V68: 158000 | W68: 158000 | X68: 158000 | Y68: 283000 | Z68: 283000 | AA68: 283000 | AB68: 158000 | AC68: 158000 | AD68: 158000 | AE68: 158000 | AF68: 191000 | AG68: 255000 | AH68: 158000
A69: 대천 파로스 | B69: SUQ | C69: 스위트(오션뷰) | D69: 323000 | E69: 323000 | F69: 323000 | G69: 323000 | H69: 198000 | I69: 198000 | J69: 198000 | K69: 231000 | L69: 295000 | M69: 198000 | N69: 198000 | O69: 198000 | P69: 198000 | Q69: 198000 | R69: 231000 | S69: 295000 | T69: 198000 | U69: 198000 | V69: 198000 | W69: 198000 | X69: 198000 | Y69: 323000 | Z69: 323000 | AA69: 323000 | AB69: 198000 | AC69: 198000 | AD69: 198000 | AE69: 198000 | AF69: 231000 | AG69: 295000 | AH69: 198000
A70: 대천 파로스 | B70: SHQ | C70: 스위트(호텔형_오션뷰) | D70: 323000 | E70: 323000 | F70: 323000 | G70: 323000 | H70: 198000 | I70: 198000 | J70: 198000 | K70: 231000 | L70: 295000 | M70: 198000 | N70: 198000 | O70: 198000 | P70: 198000 | Q70: 198000 | R70: 231000 | S70: 295000 | T70: 198000 | U70: 198000 | V70: 198000 | W70: 198000 | X70: 198000 | Y70: 323000 | Z70: 323000 | AA70: 323000 | AB70: 198000 | AC70: 198000 | AD70: 198000 | AE70: 198000 | AF70: 231000 | AG70: 295000 | AH70: 198000
... A74: 영업장명 | B74: 객실타입 | C74: 객실명 | D74: 46143 | E74: 46144 | F74: 46145 | G74: 46146 | H74: 46147 | I74: 46148 | J74: 46149 | K74: 46150 | L74: 46151 | M74: 46152 | N74: 46153 | O74: 46154 | P74: 46155 | Q74: 46156 | R74: 46157 | S74: 46158 | T74: 46159 | U74: 46160 | V74: 46161 | W74: 46162 | X74: 46163 | Y74: 46164 | Z74: 46165 | AA74: 46166 | AB74: 46167 | AC74: 46168 | AD74: 46169 | AE74: 46170 | AF74: 46171 | AG74: 46172 | AH74: 46173
D75: =D74 -> 46143 | E75: =E74 -> 46144 | F75: =F74 -> 46145 | G75: =G74 -> 46146 | H75: =H74 -> 46147 | I75: =I74 -> 46148 | J75: =J74 -> 46149 | K75: =K74 -> 46150 | ... AH75: =AH74 -> 46173
D76: 봄 극성수기 연휴 | E76: 봄 극성수기 연휴 | F76: 봄 극성수기 연휴 | G76: 봄 극성수기 연휴 | H76: 봄 비수기 화요일 | I76: 봄 비수기 수요일 | J76: 봄 비수기 목요일 | K76: 봄 비수기 준주말 | L76: 봄 비수기 주말 | M76: 봄 비수기 일요일 | N76: 봄 비수기 월요일 | O76: 봄 비수기 화요일 | P76: 봄 비수기 수요일 | Q76: 봄 비수기 목요일 | R76: 봄 비수기 준주말 | S76: 봄 비수기 주말 | T76: 봄 비수기 일요일 | U76: 봄 비수기 월요일 | V76: 봄 비수기 화요일 | W76: 봄 비수기 수요일 | X76: 봄 비수기 목요일 | Y76: 봄 극성수기 연휴 | Z76: 봄 극성수기 연휴 | AA76: 봄 극성수기 연휴 | AB76: 봄 비수기 월요일 | AC76: 봄 비수기 화요일 | AD76: 봄 비수기 수요일 | AE76: 봄 비수기 목요일 | AF76: 봄 비수기 준주말 | AG76: 봄 비수기 주말 | AH76: 봄 비수기 일요일
A77: 경주 에톤 | B77: FAM | C77: 디럭스 | D77: 236000 | E77: 236000 | F77: 236000 | G77: 236000 | H77: 142000 | I77: 142000 | J77: 142000 | K77: 164000 | L77: 212000 | M77: 142000 | N77: 142000 | O77: 142000 | P77: 142000 | Q77: 142000 | R77: 164000 | S77: 212000 | T77: 142000 | U77: 142000 | V77: 142000 | W77: 142000 | X77: 142000 | Y77: 236000 | Z77: 236000 | AA77: 236000 | AB77: 142000 | AC77: 142000 | AD77: 142000 | AE77: 142000 | AF77: 164000 | AG77: 212000 | AH77: 142000
A78: 경주 에톤 | B78: HTL | C78: 디럭스(호텔형) | D78: 236000 | E78: 236000 | F78: 236000 | G78: 236000 | H78: 142000 | I78: 142000 | J78: 142000 | K78: 164000 | L78: 212000 | M78: 142000 | N78: 142000 | O78: 142000 | P78: 142000 | Q78: 142000 | R78: 164000 | S78: 212000 | T78: 142000 | U78: 142000 | V78: 142000 | W78: 142000 | X78: 142000 | Y78: 236000 | Z78: 236000 | AA78: 236000 | AB78: 142000 | AC78: 142000 | AD78: 142000 | AE78: 142000 | AF78: 164000 | AG78: 212000 | AH78: 142000
A79: 영업장명 | B79: 객실타입 | C79: 객실명 | D79: 46143 | E79: 46144 | F79: 46145 | G79: 46146 | H79: 46147 | I79: 46148 | J79: 46149 | K79: 46150 | L79: 46151 | M79: 46152 | N79: 46153 | O79: 46154 | P79: 46155 | Q79: 46156 | R79: 46157 | S79: 46158 | T79: 46159 | U79: 46160 | V79: 46161 | W79: 46162 | X79: 46163 | Y79: 46164 | Z79: 46165 | AA79: 46166 | AB79: 46167 | AC79: 46168 | AD79: 46169 | AE79: 46170 | AF79: 46171 | AG79: 46172 | AH79: 46173
D80: =D79 -> 46143 | E80: =E79 -> 46144 | F80: =F79 -> 46145 | G80: =G79 -> 46146 | H80: =H79 -> 46147 | I80: =I79 -> 46148 | J80: =J79 -> 46149 | K80: =K79 -> 46150 | ... AH80: =AH79 -> 46173
D81: 봄 극성수기 연휴 | E81: 봄 극성수기 연휴 | F81: 봄 극성수기 연휴 | G81: 봄 극성수기 연휴 | H81: 봄 비수기 화요일 | I81: 봄 비수기 수요일 | J81: 봄 비수기 목요일 | K81: 봄 비수기 준주말 | L81: 봄 비수기 주말 | M81: 봄 비수기 일요일 | N81: 봄 비수기 월요일 | O81: 봄 비수기 화요일 | P81: 봄 비수기 수요일 | Q81: 봄 비수기 목요일 | R81: 봄 비수기 준주말 | S81: 봄 비수기 주말 | T81: 봄 비수기 일요일 | U81: 봄 비수기 월요일 | V81: 봄 비수기 화요일 | W81: 봄 비수기 수요일 | X81: 봄 비수기 목요일 | Y81: 봄 극성수기 연휴 | Z81: 봄 극성수기 연휴 | AA81: 봄 극성수기 연휴 | AB81: 봄 비수기 월요일 | AC81: 봄 비수기 화요일 | AD81: 봄 비수기 수요일 | AE81: 봄 비수기 목요일 | AF81: 봄 비수기 준주말 | AG81: 봄 비수기 주말 | AH81: 봄 비수기 일요일
A82: 경주 담톤 | B82: HTL | C82: 디럭스(호텔형) | D82: 236000 | E82: 236000 | F82: 236000 | G82: 236000 | H82: 142000 | I82: 142000 | J82: 142000 | K82: 164000 | L82: 212000 | M82: 142000 | N82: 142000 | O82: 142000 | P82: 142000 | Q82: 142000 | R82: 164000 | S82: 212000 | T82: 142000 | U82: 142000 | V82: 142000 | W82: 142000 | X82: 142000 | Y82: 236000 | Z82: 236000 | AA82: 236000 | AB82: 142000 | AC82: 142000 | AD82: 142000 | AE82: 142000 | AF82: 164000 | AG82: 212000 | AH82: 142000
A83: 경주 담톤 | B83: DMH | C83: 디럭스모던(호텔형) | D83: 276000 | E83: 276000 | F83: 276000 | G83: 276000 | H83: 172000 | I83: 172000 | J83: 172000 | K83: 204000 | L83: 252000 | M83: 172000 | N83: 172000 | O83: 172000 | P83: 172000 | Q83: 172000 | R83: 204000 | S83: 252000 | T83: 172000 | U83: 172000 | V83: 172000 | W83: 172000 | X83: 172000 | Y83: 276000 | Z83: 276000 | AA83: 276000 | AB83: 172000 | AC83: 172000 | AD83: 172000 | AE83: 172000 | AF83: 204000 | AG83: 252000 | AH83: 172000
A84: 경주 담톤 | B84: SUI | C84: 스위트 | D84: 283000 | E84: 283000 | F84: 283000 | G84: 283000 | H84: 171000 | I84: 171000 | J84: 171000 | K84: 198000 | L84: 255000 | M84: 171000 | N84: 171000 | O84: 171000 | P84: 171000 | Q84: 171000 | R84: 198000 | S84: 255000 | T84: 171000 | U84: 171000 | V84: 171000 | W84: 171000 | X84: 171000 | Y84: 283000 | Z84: 283000 | AA84: 283000 | AB84: 171000 | AC84: 171000 | AD84: 171000 | AE84: 171000 | AF84: 198000 | AG84: 255000 | AH84: 171000
A85: 경주 담톤 | B85: SP1 | C85: 스위트(뽀로로 MAKE) | D85: 318000 | E85: 318000 | F85: 318000 | G85: 318000 | H85: 186000 | I85: 186000 | J85: 186000 | K85: 233000 | L85: 290000 | M85: 186000 | N85: 186000 | O85: 186000 | P85: 186000 | Q85: 186000 | R85: 233000 | S85: 290000 | T85: 186000 | U85: 186000 | V85: 186000 | W85: 186000 | X85: 186000 | Y85: 318000 | Z85: 318000 | AA85: 318000 | AB85: 186000 | AC85: 186000 | AD85: 186000 | AE85: 186000 | AF85: 233000 | AG85: 290000 | AH85: 186000
A86: 경주 담톤 | B86: SP2 | C86: 스위트(뽀로로 READ) | D86: 318000 | E86: 318000 | F86: 318000 | G86: 318000 | H86: 186000 | I86: 186000 | J86: 186000 | K86: 233000 | L86: 290000 | M86: 186000 | N86: 186000 | O86: 186000 | P86: 186000 | Q86: 186000 | R86: 233000 | S86: 290000 | T86: 186000 | U86: 186000 | V86: 186000 | W86: 186000 | X86: 186000 | Y86: 318000 | Z86: 318000 | AA86: 318000 | AB86: 186000 | AC86: 186000 | AD86: 186000 | AE86: 186000 | AF86: 233000 | AG86: 290000 | AH86: 186000
A87: 경주 담톤 | B87: SP5 | C87: 스위트(뽀로로 PEEKABOO) | D87: 318000 | E87: 318000 | F87: 318000 | G87: 318000 | H87: 186000 | I87: 186000 | J87: 186000 | K87: 233000 | L87: 290000 | M87: 186000 | N87: 186000 | O87: 186000 | P87: 186000 | Q87: 186000 | R87: 233000 | S87: 290000 | T87: 186000 | U87: 186000 | V87: 186000 | W87: 186000 | X87: 186000 | Y87: 318000 | Z87: 318000 | AA87: 318000 | AB87: 186000 | AC87: 186000 | AD87: 186000 | AE87: 186000 | AF87: 233000 | AG87: 290000 | AH87: 186000
A88: 경주 담톤 | B88: RYL | C88: 로얄 | D88: 425000 | E88: 425000 | F88: 425000 | G88: 425000 | H88: 257000 | I88: 257000 | J88: 257000 | K88: 296000 | L88: 382000 | M88: 257000 | N88: 257000 | O88: 257000 | P88: 257000 | Q88: 257000 | R88: 296000 | S88: 382000 | T88: 257000 | U88: 257000 | V88: 257000 | W88: 257000 | X88: 257000 | Y88: 425000 | Z88: 425000 | AA88: 425000 | AB88: 257000 | AC88: 257000 | AD88: 257000 | AE88: 257000 | AF88: 296000 | AG88: 382000 | AH88: 257000
A89: 경주 담톤 | B89: GLA | C89: 프리미어 스위트(호텔형) | D89: 511000 | E89: 511000 | F89: 511000 | G89: 511000 | H89: 308000 | I89: 308000 | J89: 308000 | K89: 355000 | L89: 459000 | M89: 308000 | N89: 308000 | O89: 308000 | P89: 308000 | Q89: 308000 | R89: 355000 | S89: 459000 | T89: 308000 | U89: 308000 | V89: 308000 | W89: 308000 | X89: 308000 | Y89: 511000 | Z89: 511000 | AA89: 511000 | AB89: 308000 | AC89: 308000 | AD89: 308000 | AE89: 308000 | AF89: 355000 | AG89: 459000 | AH89: 308000
A90: 경주 담톤 | B90: GLK | C90: 프리미어 스위트(키즈_호텔형) | D90: 541000 | E90: 541000 | F90: 541000 | G90: 541000 | H90: 338000 | I90: 338000 | J90: 338000 | K90: 385000 | L90: 489000 | M90: 338000 | N90: 338000 | O90: 338000 | P90: 338000 | Q90: 338000 | R90: 385000 | S90: 489000 | T90: 338000 | U90: 338000 | V90: 338000 | W90: 338000 | X90: 338000 | Y90: 541000 | Z90: 541000 | AA90: 541000 | AB90: 338000 | AC90: 338000 | AD90: 338000 | AE90: 338000 | AF90: 385000 | AG90: 489000 | AH90: 338000
A91: 경주 담톤 | B91: GLC | C91: 프리미어 스위트(시네마_호텔형) | D91: 531000 | E91: 531000 | F91: 531000 | G91: 531000 | H91: 328000 | I91: 328000 | J91: 328000 | K91: 375000 | L91: 479000 | M91: 328000 | N91: 328000 | O91: 328000 | P91: 328000 | Q91: 328000 | R91: 375000 | S91: 479000 | T91: 328000 | U91: 328000 | V91: 328000 | W91: 328000 | X91: 328000 | Y91: 531000 | Z91: 531000 | AA91: 531000 | AB91: 328000 | AC91: 328000 | AD91: 328000 | AE91: 328000 | AF91: 375000 | AG91: 479000 | AH91: 328000
A92: 영업장명 | B92: 객실타입 | C92: 객실명 | D92: 46143 | E92: 46144 | F92: 46145 | G92: 46146 | H92: 46147 | I92: 46148 | J92: 46149 | K92: 46150 | L92: 46151 | M92: 46152 | N92: 46153 | O92: 46154 | P92: 46155 | Q92: 46156 | R92: 46157 | S92: 46158 | T92: 46159 | U92: 46160 | V92: 46161 | W92: 46162 | X92: 46163 | Y92: 46164 | Z92: 46165 | AA92: 46166 | AB92: 46167 | AC92: 46168 | AD92: 46169 | AE92: 46170 | AF92: 46171 | AG92: 46172 | AH92: 46173
D93: =D92 -> 46143 | E93: =E92 -> 46144 | F93: =F92 -> 46145 | G93: =G92 -> 46146 | H93: =H92 -> 46147 | I93: =I92 -> 46148 | J93: =J92 -> 46149 | K93: =K92 -> 46150 | ... AH93: =AH92 -> 46173
D94: 봄 극성수기 연휴 | E94: 봄 극성수기 연휴 | F94: 봄 극성수기 연휴 | G94: 봄 극성수기 연휴 | H94: 봄 비수기 화요일 | I94: 봄 비수기 수요일 | J94: 봄 비수기 목요일 | K94: 봄 비수기 준주말 | L94: 봄 비수기 주말 | M94: 봄 비수기 일요일 | N94: 봄 비수기 월요일 | O94: 봄 비수기 화요일 | P94: 봄 비수기 수요일 | Q94: 봄 비수기 목요일 | R94: 봄 비수기 준주말 | S94: 봄 비수기 주말 | T94: 봄 비수기 일요일 | U94: 봄 비수기 월요일 | V94: 봄 비수기 화요일 | W94: 봄 비수기 수요일 | X94: 봄 비수기 목요일 | Y94: 봄 극성수기 연휴 | Z94: 봄 극성수기 연휴 | AA94: 봄 극성수기 연휴 | AB94: 봄 비수기 월요일 | AC94: 봄 비수기 화요일 | AD94: 봄 비수기 수요일 | AE94: 봄 비수기 목요일 | AF94: 봄 비수기 준주말 | AG94: 봄 비수기 주말 | AH94: 봄 비수기 일요일
A95: 제주 | B95: FAM | C95: 디럭스 | D95: 185000 | E95: 185000 | F95: 185000 | G95: 185000 | H95: 125000 | I95: 125000 | J95: 125000 | K95: 138000 | L95: 139000 | M95: 125000 | N95: 125000 | O95: 125000 | P95: 125000 | Q95: 125000 | R95: 138000 | S95: 139000 | T95: 125000 | U95: 125000 | V95: 125000 | W95: 125000 | X95: 125000 | Y95: 185000 | Z95: 185000 | AA95: 185000 | AB95: 125000 | AC95: 125000 | AD95: 125000 | AE95: 125000 | AF95: 138000 | AG95: 139000 | AH95: 125000
A96: 제주 | B96: HTL | C96: 디럭스(원룸_호텔형) | D96: 185000 | E96: 185000 | F96: 185000 | G96: 185000 | H96: 125000 | I96: 125000 | J96: 125000 | K96: 138000 | L96: 139000 | M96: 125000 | N96: 125000 | O96: 125000 | P96: 125000 | Q96: 125000 | R96: 138000 | S96: 139000 | T96: 125000 | U96: 125000 | V96: 125000 | W96: 125000 | X96: 125000 | Y96: 185000 | Z96: 185000 | AA96: 185000 | AB96: 125000 | AC96: 125000 | AD96: 125000 | AE96: 125000 | AF96: 138000 | AG96: 139000 | AH96: 125000
A97: 제주 | B97: DTL | C97: 디럭스(투룸_호텔형) | D97: 185000 | E97: 185000 | F97: 185000 | G97: 185000 | H97: 125000 | I97: 125000 | J97: 125000 | K97: 138000 | L97: 139000 | M97: 125000 | N97: 125000 | O97: 125000 | P97: 125000 | Q97: 125000 | R97: 138000 | S97: 139000 | T97: 125000 | U97: 125000 | V97: 125000 | W97: 125000 | X97: 125000 | Y97: 185000 | Z97: 185000 | AA97: 185000 | AB97: 125000 | AC97: 125000 | AD97: 125000 | AE97: 125000 | AF97: 138000 | AG97: 139000 | AH97: 125000
A98: 제주 | B98: FAK | C98: 디럭스(키즈룸) | D98: 209000 | E98: 209000 | F98: 209000 | G98: 209000 | H98: 147000 | I98: 147000 | J98: 147000 | K98: 159000 | L98: 160000 | M98: 147000 | N98: 147000 | O98: 147000 | P98: 147000 | Q98: 147000 | R98: 159000 | S98: 160000 | T98: 147000 | U98: 147000 | V98: 147000 | W98: 147000 | X98: 147000 | Y98: 209000 | Z98: 209000 | AA98: 209000 | AB98: 147000 | AC98: 147000 | AD98: 147000 | AE98: 147000 | AF98: 159000 | AG98: 160000 | AH98: 147000
A99: 제주 | B99: DLM | C99: 디럭스(멍패커_호텔형) | D99: 224000 | E99: 224000 | F99: 224000 | G99: 224000 | H99: 162000 | I99: 162000 | J99: 162000 | K99: 173000 | L99: 174000 | M99: 162000 | N99: 162000 | O99: 162000 | P99: 162000 | Q99: 162000 | R99: 173000 | S99: 174000 | T99: 162000 | U99: 162000 | V99: 162000 | W99: 162000 | X99: 162000 | Y99: 224000 | Z99: 224000 | AA99: 224000 | AB99: 162000 | AC99: 162000 | AD99: 162000 | AE99: 162000 | AF99: 173000 | AG99: 174000 | AH99: 162000
A100: 제주 | B100: SUI | C100: 스위트(호텔형) | D100: 223000 | E100: 223000 | F100: 223000 | G100: 223000 | H100: 150000 | I100: 150000 | J100: 150000 | K100: 166000 | L100: 167000 | M100: 150000 | N100: 150000 | O100: 150000 | P100: 150000 | Q100: 150000 | R100: 166000 | S100: 167000 | T100: 150000 | U100: 150000 | V100: 150000 | W100: 150000 | X100: 150000 | Y100: 223000 | Z100: 223000 | AA100: 223000 | AB100: 150000 | AC100: 150000 | AD100: 150000 | AE100: 150000 | AF100: 166000 | AG100: 167000 | AH100: 150000
A101: 제주 | B101: SUM | C101: 스위트(멍패커_호텔형) | D101: 262000 | E101: 262000 | F101: 262000 | G101: 262000 | H101: 187000 | I101: 187000 | J101: 187000 | K101: 201000 | L101: 202000 | M101: 187000 | N101: 187000 | O101: 187000 | P101: 187000 | Q101: 187000 | R101: 201000 | S101: 202000 | T101: 187000 | U101: 187000 | V101: 187000 | W101: 187000 | X101: 187000 | Y101: 262000 | Z101: 262000 | AA101: 262000 | AB101: 187000 | AC101: 187000 | AD101: 187000 | AE101: 187000 | AF101: 201000 | AG101: 202000 | AH101: 187000
A102: 영업장명 | B102: 객실타입 | C102: 객실명 | D102: 46143 | E102: 46144 | F102: 46145 | G102: 46146 | H102: 46147 | I102: 46148 | J102: 46149 | K102: 46150 | L102: 46151 | M102: 46152 | N102: 46153 | O102: 46154 | P102: 46155 | Q102: 46156 | R102: 46157 | S102: 46158 | T102: 46159 | U102: 46160 | V102: 46161 | W102: 46162 | X102: 46163 | Y102: 46164 | Z102: 46165 | AA102: 46166 | AB102: 46167 | AC102: 46168 | AD102: 46169 | AE102: 46170 | AF102: 46171 | AG102: 46172 | AH102: 46173
D103: =D102 -> 46143 | E103: =E102 -> 46144 | F103: =F102 -> 46145 | G103: =G102 -> 46146 | H103: =H102 -> 46147 | I103: =I102 -> 46148 | J103: =J102 -> 46149 | K103: =K102 -> 46150 | ... AH103: =AH102 -> 46173
D104: 봄 극성수기 연휴 | E104: 봄 극성수기 연휴 | F104: 봄 극성수기 연휴 | G104: 봄 극성수기 연휴 | H104: 봄 비수기 화요일 | I104: 봄 비수기 수요일 | J104: 봄 비수기 목요일 | K104: 봄 비수기 준주말 | L104: 봄 비수기 주말 | M104: 봄 비수기 일요일 | N104: 봄 비수기 월요일 | O104: 봄 비수기 화요일 | P104: 봄 비수기 수요일 | Q104: 봄 비수기 목요일 | R104: 봄 비수기 준주말 | S104: 봄 비수기 주말 | T104: 봄 비수기 일요일 | U104: 봄 비수기 월요일 | V104: 봄 비수기 화요일 | W104: 봄 비수기 수요일 | X104: 봄 비수기 목요일 | Y104: 봄 극성수기 연휴 | Z104: 봄 극성수기 연휴 | AA104: 봄 극성수기 연휴 | AB104: 봄 비수기 월요일 | AC104: 봄 비수기 화요일 | AD104: 봄 비수기 수요일 | AE104: 봄 비수기 목요일 | AF104: 봄 비수기 준주말 | AG104: 봄 비수기 주말 | AH104: 봄 비수기 일요일
A105: 평창 | B105: SUI | C105: 스위트 | D105: 269000 | E105: 269000 | F105: 269000 | G105: 269000 | H105: 117000 | I105: 117000 | J105: 117000 | K105: 124000 | L105: 195000 | M105: 117000 | N105: 117000 | O105: 117000 | P105: 117000 | Q105: 117000 | R105: 124000 | S105: 195000 | T105: 117000 | U105: 117000 | V105: 117000 | W105: 117000 | X105: 117000 | Y105: 269000 | Z105: 269000 | AA105: 269000 | AB105: 117000 | AC105: 117000 | AD105: 117000 | AE105: 117000 | AF105: 124000 | AG105: 195000 | AH105: 117000
...

Sheet 6월(무기명)
A1: ■ 2026년 6월 - 무기명
A2: 영업장명 | B2: 객실타입 | C2: 객실명 | D2: 46174 | E2: 46175 | F2: 46176 | G2: 46177 | H2: 46178 | I2: 46179 | J2: 46180 | K2: 46181 | L2: 46182 | M2: 46183 | N2: 46184 | O2: 46185 | P2: 46186 | Q2: 46187 | R2: 46188 | S2: 46189 | T2: 46190 | U2: 46191 | V2: 46192 | W2: 46193 | X2: 46194 | Y2: 46195 | Z2: 46196 | AA2: 46197 | AB2: 46198 | AC2: 46199 | AD2: 46200 | AE2: 46201 | AF2: 46202 | AG2: 46203
D3: =D2 -> 46174 | E3: =E2 -> 46175 | F3: =F2 -> 46176 | G3: =G2 -> 46177 | H3: =H2 -> 46178 | I3: =I2 -> 46179 | J3: =J2 -> 46180 | K3: =K2 -> 46181 | ... AG3: =AG2 -> 46203
D4: 봄 비수기 월요일 | E4: 봄 비수기 화요일 | F4: 봄 비수기 수요일 | G4: 봄 비수기 목요일 | H4: 봄 극성수기 연휴 | I4: 봄 극성수기 연휴 | J4: 봄 비수기 일요일 | K4: 봄 비수기 월요일 | L4: 봄 비수기 화요일 | M4: 봄 비수기 수요일 | N4: 봄 비수기 목요일 | O4: 봄 비수기 준주말 | P4: 봄 비수기 주말 | Q4: 봄 비수기 일요일 | R4: 봄 비수기 월요일 | S4: 봄 비수기 화요일 | T4: 봄 비수기 수요일 | U4: 봄 비수기 목요일 | V4: 봄 비수기 준주말 | W4: 봄 비수기 주말 | X4: 봄 비수기 일요일 | Y4: 봄 비수기 월요일 | Z4: 봄 비수기 화요일 | AA4: 봄 비수기 수요일 | AB4: 봄 비수기 목요일 | AC4: 봄 비수기 준주말 | AD4: 봄 비수기 주말 | AE4: 봄 비수기 일요일 | AF4: 봄 비수기 월요일 | AG4: 봄 비수기 화요일
A5: 설악 쏘라노 | B5: FAM | C5: 디럭스 | D5: 139000 | E5: 139000 | F5: 139000 | G5: 139000 | H5: 241000 | I5: 241000 | J5: 139000 | K5: 139000 | L5: 139000 | M5: 139000 | N5: 139000 | O5: 159000 | P5: 214000 | Q5: 139000 | R5: 139000 | S5: 139000 | T5: 139000 | U5: 139000 | V5: 159000 | W5: 214000 | X5: 139000 | Y5: 139000 | Z5: 139000 | AA5: 139000 | AB5: 139000 | AC5: 159000 | AD5: 214000 | AE5: 139000 | AF5: 139000 | AG5: 139000
A6: 설악 쏘라노 | B6: DMO | C6: 디럭스(모던) | D6: 169000 | E6: 169000 | F6: 169000 | G6: 169000 | H6: 291000 | I6: 291000 | J6: 169000 | K6: 169000 | L6: 169000 | M6: 169000 | N6: 169000 | O6: 209000 | P6: 264000 | Q6: 169000 | R6: 169000 | S6: 169000 | T6: 169000 | U6: 169000 | V6: 209000 | W6: 264000 | X6: 169000 | Y6: 169000 | Z6: 169000 | AA6: 169000 | AB6: 169000 | AC6: 209000 | AD6: 264000 | AE6: 169000 | AF6: 169000 | AG6: 169000
A7: 설악 쏘라노 | B7: FSS | C7: 디럭스(원룸) | D7: 139000 | E7: 139000 | F7: 139000 | G7: 139000 | H7: 241000 | I7: 241000 | J7: 139000 | K7: 139000 | L7: 139000 | M7: 139000 | N7: 139000 | O7: 159000 | P7: 214000 | Q7: 139000 | R7: 139000 | S7: 139000 | T7: 139000 | U7: 139000 | V7: 159000 | W7: 214000 | X7: 139000 | Y7: 139000 | Z7: 139000 | AA7: 139000 | AB7: 139000 | AC7: 159000 | AD7: 214000 | AE7: 139000 | AF7: 139000 | AG7: 139000
A8: 설악 쏘라노 | B8: HTE | C8: 디럭스(유러피언_원룸_호텔형) | D8: 179000 | E8: 179000 | F8: 179000 | G8: 179000 | H8: 301000 | I8: 301000 | J8: 179000 | K8: 179000 | L8: 179000 | M8: 179000 | N8: 179000 | O8: 219000 | P8: 274000 | Q8: 179000 | R8: 179000 | S8: 179000 | T8: 179000 | U8: 179000 | V8: 219000 | W8: 274000 | X8: 179000 | Y8: 179000 | Z8: 179000 | AA8: 179000 | AB8: 179000 | AC8: 219000 | AD8: 274000 | AE8: 179000 | AF8: 179000 | AG8: 179000
A9: 설악 쏘라노 | B9: HTL | C9: 디럭스(원룸_호텔형) | D9: 139000 | E9: 139000 | F9: 139000 | G9: 139000 | H9: 241000 | I9: 241000 | J9: 139000 | K9: 139000 | L9: 139000 | M9: 139000 | N9: 139000 | O9: 159000 | P9: 214000 | Q9: 139000 | R9: 139000 | S9: 139000 | T9: 139000 | U9: 139000 | V9: 159000 | W9: 214000 | X9: 139000 | Y9: 139000 | Z9: 139000 | AA9: 139000 | AB9: 139000 | AC9: 159000 | AD9: 214000 | AE9: 139000 | AF9: 139000 | AG9: 139000
A10: 설악 쏘라노 | B10: FTB | C10: 디럭스(트윈베드) | D10: 139000 | E10: 139000 | F10: 139000 | G10: 139000 | H10: 241000 | I10: 241000 | J10: 139000 | K10: 139000 | L10: 139000 | M10: 139000 | N10: 139000 | O10: 159000 | P10: 214000 | Q10: 139000 | R10: 139000 | S10: 139000 | T10: 139000 | U10: 139000 | V10: 159000 | W10: 214000 | X10: 139000 | Y10: 139000 | Z10: 139000 | AA10: 139000 | AB10: 139000 | AC10: 159000 | AD10: 214000 | AE10: 139000 | AF10: 139000 | AG10: 139000
A11: 설악 쏘라노 | B11: FTL | C11: 디럭스(트윈베드_호텔형) | D11: 139000 | E11: 139000 | F11: 139000 | G11: 139000 | H11: 241000 | I11: 241000 | J11: 139000 | K11: 139000 | L11: 139000 | M11: 139000 | N11: 139000 | O11: 159000 | P11: 214000 | Q11: 139000 | R11: 139000 | S11: 139000 | T11: 139000 | U11: 139000 | V11: 159000 | W11: 214000 | X11: 139000 | Y11: 139000 | Z11: 139000 | AA11: 139000 | AB11: 139000 | AC11: 159000 | AD11: 214000 | AE11: 139000 | AF11: 139000 | AG11: 139000
A12: 설악 쏘라노 | B12: TH1 | C12: 디럭스(티니핑 프린세스룸_호텔형) | D12: 169000 | E12: 169000 | F12: 169000 | G12: 169000 | H12: 301000 | I12: 301000 | J12: 169000 | K12: 169000 | L12: 169000 | M12: 169000 | N12: 169000 | O12: 219000 | P12: 274000 | Q12: 169000 | R12: 169000 | S12: 169000 | T12: 169000 | U12: 169000 | V12: 219000 | W12: 274000 | X12: 169000 | Y12: 169000 | Z12: 169000 | AA12: 169000 | AB12: 169000 | AC12: 219000 | AD12: 274000 | AE12: 169000 | AF12: 169000 | AG12: 169000
A13: 설악 쏘라노 | B13: TH2 | C13: 디럭스(티니핑 연구소룸_호텔형) | D13: 169000 | E13: 169000 | F13: 169000 | G13: 169000 | H13: 301000 | I13: 301000 | J13: 169000 | K13: 169000 | L13: 169000 | M13: 169000 | N13: 169000 | O13: 219000 | P13: 274000 | Q13: 169000 | R13: 169000 | S13: 169000 | T13: 169000 | U13: 169000 | V13: 219000 | W13: 274000 | X13: 169000 | Y13: 169000 | Z13: 169000 | AA13: 169000 | AB13: 169000 | AC13: 219000 | AD13: 274000 | AE13: 169000 | AF13: 169000 | AG13: 169000
A14: 설악 쏘라노 | B14: TH3 | C14: 디럭스(티니핑 슈팅스타룸_호텔형) | D14: 169000 | E14: 169000 | F14: 169000 | G14: 169000 | H14: 301000 | I14: 301000 | J14: 169000 | K14: 169000 | L14: 169000 | M14: 169000 | N14: 169000 | O14: 219000 | P14: 274000 | Q14: 169000 | R14: 169000 | S14: 169000 | T14: 169000 | U14: 169000 | V14: 219000 | W14: 274000 | X14: 169000 | Y14: 169000 | Z14: 169000 | AA14: 169000 | AB14: 169000 | AC14: 219000 | AD14: 274000 | AE14: 169000 | AF14: 169000 | AG14: 169000
A15: 설악 쏘라노 | B15: RYL | C15: 로얄 | D15: 223000 | E15: 223000 | F15: 223000 | G15: 223000 | H15: 386000 | I15: 386000 | J15: 223000 | K15: 223000 | L15: 223000 | M15: 223000 | N15: 223000 | O15: 254000 | P15: 343000 | Q15: 223000 | R15: 223000 | S15: 223000 | T15: 223000 | U15: 223000 | V15: 254000 | W15: 343000 | X15: 223000 | Y15: 223000 | Z15: 223000 | AA15: 223000 | AB15: 223000 | AC15: 254000 | AD15: 343000 | AE15: 223000 | AF15: 223000 | AG15: 223000
A16: 설악 쏘라노 | B16: RMO | C16: 로얄(모던) | D16: 253000 | E16: 253000 | F16: 253000 | G16: 253000 | H16: 436000 | I16: 436000 | J16: 253000 | K16: 253000 | L16: 253000 | M16: 253000 | N16: 253000 | O16: 304000 | P16: 393000 | Q16: 253000 | R16: 253000 | S16: 253000 | T16: 253000 | U16: 253000 | V16: 304000 | W16: 393000 | X16: 253000 | Y16: 253000 | Z16: 253000 | AA16: 253000 | AB16: 253000 | AC16: 304000 | AD16: 393000 | AE16: 253000 | AF16: 253000 | AG16: 253000
... A19: 영업장명 | B19: 객실타입 | C19: 객실명 | D19: 46174 | E19: 46175 | F19: 46176 | G19: 46177 | H19: 46178 | I19: 46179 | J19: 46180 | K19: 46181 | L19: 46182 | M19: 46183 | N19: 46184 | O19: 46185 | P19: 46186 | Q19: 46187 | R19: 46188 | S19: 46189 | T19: 46190 | U19: 46191 | V19: 46192 | W19: 46193 | X19: 46194 | Y19: 46195 | Z19: 46196 | AA19: 46197 | AB19: 46198 | AC19: 46199 | AD19: 46200 | AE19: 46201 | AF19: 46202 | AG19: 46203
D20: =D19 -> 46174 | E20: =E19 -> 46175 | F20: =F19 -> 46176 | G20: =G19 -> 46177 | H20: =H19 -> 46178 | I20: =I19 -> 46179 | J20: =J19 -> 46180 | K20: =K19 -> 46181 | ... AG20: =AG19 -> 46203
D21: 봄 비수기 월요일 | E21: 봄 비수기 화요일 | F21: 봄 비수기 수요일 | G21: 봄 비수기 목요일 | H21: 봄 극성수기 연휴 | I21: 봄 극성수기 연휴 | J21: 봄 비수기 일요일 | K21: 봄 비수기 월요일 | L21: 봄 비수기 화요일 | M21: 봄 비수기 수요일 | N21: 봄 비수기 목요일 | O21: 봄 비수기 준주말 | P21: 봄 비수기 주말 | Q21: 봄 비수기 일요일 | R21: 봄 비수기 월요일 | S21: 봄 비수기 화요일 | T21: 봄 비수기 수요일 | U21: 봄 비수기 목요일 | V21: 봄 비수기 준주말 | W21: 봄 비수기 주말 | X21: 봄 비수기 일요일 | Y21: 봄 비수기 월요일 | Z21: 봄 비수기 화요일 | AA21: 봄 비수기 수요일 | AB21: 봄 비수기 목요일 | AC21: 봄 비수기 준주말 | AD21: 봄 비수기 주말 | AE21: 봄 비수기 일요일 | AF21: 봄 비수기 월요일 | AG21: 봄 비수기 화요일
A22: 설악 별관 | B22: FAM | C22: 디럭스 | D22: 123000 | E22: 123000 | F22: 123000 | G22: 123000 | H22: 192000 | I22: 192000 | J22: 123000 | K22: 123000 | L22: 123000 | M22: 123000 | N22: 123000 | O22: 136000 | P22: 160000 | Q22: 123000 | R22: 123000 | S22: 123000 | T22: 123000 | U22: 123000 | V22: 136000 | W22: 160000 | X22: 123000 | Y22: 123000 | Z22: 123000 | AA22: 123000 | AB22: 123000 | AC22: 136000 | AD22: 160000 | AE22: 123000 | AF22: 123000 | AG22: 123000
A23: 설악 별관 | B23: RYL | C23: 로얄 | D23: 197000 | E23: 197000 | F23: 197000 | G23: 197000 | H23: 307000 | I23: 307000 | J23: 197000 | K23: 197000 | L23: 197000 | M23: 197000 | N23: 197000 | O23: 218000 | P23: 255000 | Q23: 197000 | R23: 197000 | S23: 197000 | T23: 197000 | U23: 197000 | V23: 218000 | W23: 255000 | X23: 197000 | Y23: 197000 | Z23: 197000 | AA23: 197000 | AB23: 197000 | AC23: 218000 | AD23: 255000 | AE23: 197000 | AF23: 197000 | AG23: 197000
A24: 영업장명 | B24: 객실타입 | C24: 객실명 | D24: 46174 | E24: 46175 | F24: 46176 | G24: 46177 | H24: 46178 | I24: 46179 | J24: 46180 | K24: 46181 | L24: 46182 | M24: 46183 | N24: 46184 | O24: 46185 | P24: 46186 | Q24: 46187 | R24: 46188 | S24: 46189 | T24: 46190 | U24: 46191 | V24: 46192 | W24: 46193 | X24: 46194 | Y24: 46195 | Z24: 46196 | AA24: 46197 | AB24: 46198 | AC24: 46199 | AD24: 46200 | AE24: 46201 | AF24: 46202 | AG24: 46203
D25: =D24 -> 46174 | E25: =E24 -> 46175 | F25: =F24 -> 46176 | G25: =G24 -> 46177 | H25: =H24 -> 46178 | I25: =I24 -> 46179 | J25: =J24 -> 46180 | K25: =K24 -> 46181 | ... AG25: =AG24 -> 46203
D26: 봄 비수기 월요일 | E26: 봄 비수기 화요일 | F26: 봄 비수기 수요일 | G26: 봄 비수기 목요일 | H26: 봄 극성수기 연휴 | I26: 봄 극성수기 연휴 | J26: 봄 비수기 일요일 | K26: 봄 비수기 월요일 | L26: 봄 비수기 화요일 | M26: 봄 비수기 수요일 | N26: 봄 비수기 목요일 | O26: 봄 비수기 준주말 | P26: 봄 비수기 주말 | Q26: 봄 비수기 일요일 | R26: 봄 비수기 월요일 | S26: 봄 비수기 화요일 | T26: 봄 비수기 수요일 | U26: 봄 비수기 목요일 | V26: 봄 비수기 준주말 | W26: 봄 비수기 주말 | X26: 봄 비수기 일요일 | Y26: 봄 비수기 월요일 | Z26: 봄 비수기 화요일 | AA26: 봄 비수기 수요일 | AB26: 봄 비수기 목요일 | AC26: 봄 비수기 준주말 | AD26: 봄 비수기 주말 | AE26: 봄 비수기 일요일 | AF26: 봄 비수기 월요일 | AG26: 봄 비수기 화요일
A27: 용인 베잔송 | B27: FAM | C27: 디럭스 | D27: 128000 | E27: 128000 | F27: 128000 | G27: 128000 | H27: 232000 | I27: 232000 | J27: 128000 | K27: 128000 | L27: 128000 | M27: 128000 | N27: 128000 | O27: 142000 | P27: 203000 | Q27: 128000 | R27: 128000 | S27: 128000 | T27: 128000 | U27: 128000 | V27: 142000 | W27: 203000 | X27: 128000 | Y27: 128000 | Z27: 128000 | AA27: 128000 | AB27: 128000 | AC27: 142000 | AD27: 203000 | AE27: 128000 | AF27: 128000 | AG27: 128000
A28: 용인 베잔송 | B28: HTL | C28: 디럭스(호텔형) | D28: 128000 | E28: 128000 | F28: 128000 | G28: 128000 | H28: 232000 | I28: 232000 | J28: 128000 | K28: 128000 | L28: 128000 | M28: 128000 | N28: 128000 | O28: 142000 | P28: 203000 | Q28: 128000 | R28: 128000 | S28: 128000 | T28: 128000 | U28: 128000 | V28: 142000 | W28: 203000 | X28: 128000 | Y28: 128000 | Z28: 128000 | AA28: 128000 | AB28: 128000 | AC28: 142000 | AD28: 203000 | AE28: 128000 | AF28: 128000 | AG28: 128000
A29: 용인 베잔송 | B29: FST | C29: 디럭스(싱글트윈) | D29: 128000 | E29: 128000 | F29: 128000 | G29: 128000 | H29: 232000 | I29: 232000 | J29: 128000 | K29: 128000 | L29: 128000 | M29: 128000 | N29: 128000 | O29: 142000 | P29: 203000 | Q29: 128000 | R29: 128000 | S29: 128000 | T29: 128000 | U29: 128000 | V29: 142000 | W29: 203000 | X29: 128000 | Y29: 128000 | Z29: 128000 | AA29: 128000 | AB29: 128000 | AC29: 142000 | AD29: 203000 | AE29: 128000 | AF29: 128000 | AG29: 128000
A30: 용인 베잔송 | B30: TH1 | C30: 디럭스(티니핑 프린세스룸_호텔형) | D30: 158000 | E30: 158000 | F30: 158000 | G30: 158000 | H30: 292000 | I30: 292000 | J30: 158000 | K30: 158000 | L30: 158000 | M30: 158000 | N30: 158000 | O30: 202000 | P30: 263000 | Q30: 158000 | R30: 158000 | S30: 158000 | T30: 158000 | U30: 158000 | V30: 202000 | W30: 263000 | X30: 158000 | Y30: 158000 | Z30: 158000 | AA30: 158000 | AB30: 158000 | AC30: 202000 | AD30: 263000 | AE30: 158000 | AF30: 158000 | AG30: 158000
A31: 용인 베잔송 | B31: TH2 | C31: 디럭스(티니핑 연구소룸_호텔형) | D31: 158000 | E31: 158000 | F31: 158000 | G31: 158000 | H31: 292000 | I31: 292000 | J31: 158000 | K31: 158000 | L31: 158000 | M31: 158000 | N31: 158000 | O31: 202000 | P31: 263000 | Q31: 158000 | R31: 158000 | S31: 158000 | T31: 158000 | U31: 158000 | V31: 202000 | W31: 263000 | X31: 158000 | Y31: 158000 | Z31: 158000 | AA31: 158000 | AB31: 158000 | AC31: 202000 | AD31: 263000 | AE31: 158000 | AF31: 158000 | AG31: 158000
A32: 용인 베잔송 | B32: TH3 | C32: 디럭스(티니핑 슈팅스타룸_호텔형) | D32: 158000 | E32: 158000 | F32: 158000 | G32: 158000 | H32: 292000 | I32: 292000 | J32: 158000 | K32: 158000 | L32: 158000 | M32: 158000 | N32: 158000 | O32: 202000 | P32: 263000 | Q32: 158000 | R32: 158000 | S32: 158000 | T32: 158000 | U32: 158000 | V32: 202000 | W32: 263000 | X32: 158000 | Y32: 158000 | Z32: 158000 | AA32: 158000 | AB32: 158000 | AC32: 202000 | AD32: 263000 | AE32: 158000 | AF32: 158000 | AG32: 158000
A33: 용인 베잔송 | B33: RYL | C33: 로얄 | D33: 205000 | E33: 205000 | F33: 205000 | G33: 205000 | H33: 371000 | I33: 371000 | J33: 205000 | K33: 205000 | L33: 205000 | M33: 205000 | N33: 205000 | O33: 227000 | P33: 325000 | Q33: 205000 | R33: 205000 | S33: 205000 | T33: 205000 | U33: 205000 | V33: 227000 | W33: 325000 | X33: 205000 | Y33: 205000 | Z33: 205000 | AA33: 205000 | AB33: 205000 | AC33: 227000 | AD33: 325000 | AE33: 205000 | AF33: 205000 | AG33: 205000
A34: 영업장명 | B34: 객실타입 | C34: 객실명 | D34: 46174 | E34: 46175 | F34: 46176 | G34: 46177 | H34: 46178 | I34: 46179 | J34: 46180 | K34: 46181 | L34: 46182 | M34: 46183 | N34: 46184 | O34: 46185 | P34: 46186 | Q34: 46187 | R34: 46188 | S34: 46189 | T34: 46190 | U34: 46191 | V34: 46192 | W34: 46193 | X34: 46194 | Y34: 46195 | Z34: 46196 | AA34: 46197 | AB34: 46198 | AC34: 46199 | AD34: 46200 | AE34: 46201 | AF34: 46202 | AG34: 46203
D35: =D34 -> 46174 | E35: =E34 -> 46175 | F35: =F34 -> 46176 | G35: =G34 -> 46177 | H35: =H34 -> 46178 | I35: =I34 -> 46179 | J35: =J34 -> 46180 | K35: =K34 -> 46181 | ... AG35: =AG34 -> 46203
D36: 봄 비수기 월요일 | E36: 봄 비수기 화요일 | F36: 봄 비수기 수요일 | G36: 봄 비수기 목요일 | H36: 봄 극성수기 연휴 | I36: 봄 극성수기 연휴 | J36: 봄 비수기 일요일 | K36: 봄 비수기 월요일 | L36: 봄 비수기 화요일 | M36: 봄 비수기 수요일 | N36: 봄 비수기 목요일 | O36: 봄 비수기 준주말 | P36: 봄 비수기 주말 | Q36: 봄 비수기 일요일 | R36: 봄 비수기 월요일 | S36: 봄 비수기 화요일 | T36: 봄 비수기 수요일 | U36: 봄 비수기 목요일 | V36: 봄 비수기 준주말 | W36: 봄 비수기 주말 | X36: 봄 비수기 일요일 | Y36: 봄 비수기 월요일 | Z36: 봄 비수기 화요일 | AA36: 봄 비수기 수요일 | AB36: 봄 비수기 목요일 | AC36: 봄 비수기 준주말 | AD36: 봄 비수기 주말 | AE36: 봄 비수기 일요일 | AF36: 봄 비수기 월요일 | AG36: 봄 비수기 화요일
A37: 산정호수 안시 | B37: FAM | C37: 디럭스 | D37: 132000 | E37: 132000 | F37: 132000 | G37: 132000 | H37: 236000 | I37: 236000 | J37: 132000 | K37: 132000 | L37: 132000 | M37: 132000 | N37: 132000 | O37: 141000 | P37: 215000 | Q37: 132000 | R37: 132000 | S37: 132000 | T37: 132000 | U37: 132000 | V37: 141000 | W37: 215000 | X37: 132000 | Y37: 132000 | Z37: 132000 | AA37: 132000 | AB37: 132000 | AC37: 141000 | AD37: 215000 | AE37: 132000 | AF37: 132000 | AG37: 132000
A38: 산정호수 안시 | B38: HTL | C38: 디럭스(호텔형) | D38: 132000 | E38: 132000 | F38: 132000 | G38: 132000 | H38: 236000 | I38: 236000 | J38: 132000 | K38: 132000 | L38: 132000 | M38: 132000 | N38: 132000 | O38: 141000 | P38: 215000 | Q38: 132000 | R38: 132000 | S38: 132000 | T38: 132000 | U38: 132000 | V38: 141000 | W38: 215000 | X38: 132000 | Y38: 132000 | Z38: 132000 | AA38: 132000 | AB38: 132000 | AC38: 141000 | AD38: 215000 | AE38: 132000 | AF38: 132000 | AG38: 132000
A39: 산정호수 안시 | B39: FST | C39: 디럭스(싱글트윈) | D39: 132000 | E39: 132000 | F39: 132000 | G39: 132000 | H39: 236000 | I39: 236000 | J39: 132000 | K39: 132000 | L39: 132000 | M39: 132000 | N39: 132000 | O39: 141000 | P39: 215000 | Q39: 132000 | R39: 132000 | S39: 132000 | T39: 132000 | U39: 132000 | V39: 141000 | W39: 215000 | X39: 132000 | Y39: 132000 | Z39: 132000 | AA39: 132000 | AB39: 132000 | AC39: 141000 | AD39: 215000 | AE39: 132000 | AF39: 132000 | AG39: 132000
A40: 산정호수 안시 | B40: RYL | C40: 로얄 | D40: 210000 | E40: 210000 | F40: 210000 | G40: 210000 | H40: 378000 | I40: 378000 | J40: 210000 | K40: 210000 | L40: 210000 | M40: 210000 | N40: 210000 | O40: 225000 | P40: 345000 | Q40: 210000 | R40: 210000 | S40: 210000 | T40: 210000 | U40: 210000 | V40: 225000 | W40: 345000 | X40: 210000 | Y40: 210000 | Z40: 210000 | AA40: 210000 | AB40: 210000 | AC40: 225000 | AD40: 345000 | AE40: 210000 | AF40: 210000 | AG40: 210000
A41: 영업장명 | B41: 객실타입 | C41: 객실명 | D41: 46174 | E41: 46175 | F41: 46176 | G41: 46177 | H41: 46178 | I41: 46179 | J41: 46180 | K41: 46181 | L41: 46182 | M41: 46183 | N41: 46184 | O41: 46185 | P41: 46186 | Q41: 46187 | R41: 46188 | S41: 46189 | T41: 46190 | U41: 46191 | V41: 46192 | W41: 46193 | X41: 46194 | Y41: 46195 | Z41: 46196 | AA41: 46197 | AB41: 46198 | AC41: 46199 | AD41: 46200 | AE41: 46201 | AF41: 46202 | AG41: 46203
D42: =D41 -> 46174 | E42: =E41 -> 46175 | F42: =F41 -> 46176 | G42: =G41 -> 46177 | H42: =H41 -> 46178 | I42: =I41 -> 46179 | J42: =J41 -> 46180 | K42: =K41 -> 46181 | ... AG42: =AG41 -> 46203
D43: 봄 비수기 월요일 | E43: 봄 비수기 화요일 | F43: 봄 비수기 수요일 | G43: 봄 비수기 목요일 | H43: 봄 극성수기 연휴 | I43: 봄 극성수기 연휴 | J43: 봄 비수기 일요일 | K43: 봄 비수기 월요일 | L43: 봄 비수기 화요일 | M43: 봄 비수기 수요일 | N43: 봄 비수기 목요일 | O43: 봄 비수기 준주말 | P43: 봄 비수기 주말 | Q43: 봄 비수기 일요일 | R43: 봄 비수기 월요일 | S43: 봄 비수기 화요일 | T43: 봄 비수기 수요일 | U43: 봄 비수기 목요일 | V43: 봄 비수기 준주말 | W43: 봄 비수기 주말 | X43: 봄 비수기 일요일 | Y43: 봄 비수기 월요일 | Z43: 봄 비수기 화요일 | AA43: 봄 비수기 수요일 | AB43: 봄 비수기 목요일 | AC43: 봄 비수기 준주말 | AD43: 봄 비수기 주말 | AE43: 봄 비수기 일요일 | AF43: 봄 비수기 월요일 | AG43: 봄 비수기 화요일
A44: 해운대 | B44: HTJ | C44: 디럭스(원룸_재즈_호텔형) | D44: 167000 | E44: 167000 | F44: 167000 | G44: 167000 | H44: 271000 | I44: 271000 | J44: 167000 | K44: 167000 | L44: 167000 | M44: 167000 | N44: 167000 | O44: 176000 | P44: 256000 | Q44: 167000 | R44: 167000 | S44: 167000 | T44: 167000 | U44: 167000 | V44: 176000 | W44: 256000 | X44: 167000 | Y44: 167000 | Z44: 167000 | AA44: 167000 | AB44: 167000 | AC44: 176000 | AD44: 256000 | AE44: 167000 | AF44: 167000 | AG44: 167000
A45: 해운대 | B45: HTP | C45: 디럭스(원룸_팝_호텔형) | D45: 167000 | E45: 167000 | F45: 167000 | G45: 167000 | H45: 271000 | I45: 271000 | J45: 167000 | K45: 167000 | L45: 167000 | M45: 167000 | N45: 167000 | O45: 176000 | P45: 256000 | Q45: 167000 | R45: 167000 | S45: 167000 | T45: 167000 | U45: 167000 | V45: 176000 | W45: 256000 | X45: 167000 | Y45: 167000 | Z45: 167000 | AA45: 167000 | AB45: 167000 | AC45: 176000 | AD45: 256000 | AE45: 167000 | AF45: 167000 | AG45: 167000
A46: 해운대 | B46: FOR | C46: 디럭스(오륙도뷰) | D46: 162000 | E46: 162000 | F46: 162000 | G46: 162000 | H46: 266000 | I46: 266000 | J46: 162000 | K46: 162000 | L46: 162000 | M46: 162000 | N46: 162000 | O46: 171000 | P46: 251000 | Q46: 162000 | R46: 162000 | S46: 162000 | T46: 162000 | U46: 162000 | V46: 171000 | W46: 251000 | X46: 162000 | Y46: 162000 | Z46: 162000 | AA46: 162000 | AB46: 162000 | AC46: 171000 | AD46: 251000 | AE46: 162000 | AF46: 162000 | AG46: 162000
A47: 해운대 | B47: FOB | C47: 디럭스(오륙도뷰_알앤비_호텔형) | D47: 192000 | E47: 192000 | F47: 192000 | G47: 192000 | H47: 296000 | I47: 296000 | J47: 192000 | K47: 192000 | L47: 192000 | M47: 192000 | N47: 192000 | O47: 201000 | P47: 281000 | Q47: 192000 | R47: 192000 | S47: 192000 | T47: 192000 | U47: 192000 | V47: 201000 | W47: 281000 | X47: 192000 | Y47: 192000 | Z47: 192000 | AA47: 192000 | AB47: 192000 | AC47: 201000 | AD47: 281000 | AE47: 192000 | AF47: 192000 | AG47: 192000
A48: 해운대 | B48: HTL | C48: 패밀리(원룸_호텔형) | D48: 137000 | E48: 137000 | F48: 137000 | G48: 137000 | H48: 241000 | I48: 241000 | J48: 137000 | K48: 137000 | L48: 137000 | M48: 137000 | N48: 137000 | O48: 146000 | P48: 226000 | Q48: 137000 | R48: 137000 | S48: 137000 | T48: 137000 | U48: 137000 | V48: 146000 | W48: 226000 | X48: 137000 | Y48: 137000 | Z48: 137000 | AA48: 137000 | AB48: 137000 | AC48: 146000 | AD48: 226000 | AE48: 137000 | AF48: 137000 | AG48: 137000
A49: 해운대 | B49: FAQ | C49: 디럭스(오션뷰_호텔형) | D49: 177000 | E49: 177000 | F49: 177000 | G49: 177000 | H49: 281000 | I49: 281000 | J49: 177000 | K49: 177000 | L49: 177000 | M49: 177000 | N49: 177000 | O49: 186000 | P49: 266000 | Q49: 177000 | R49: 177000 | S49: 177000 | T49: 177000 | U49: 177000 | V49: 186000 | W49: 266000 | X49: 177000 | Y49: 177000 | Z49: 177000 | AA49: 177000 | AB49: 177000 | AC49: 186000 | AD49: 266000 | AE49: 177000 | AF49: 177000 | AG49: 177000
A50: 해운대 | B50: FQJ | C50: 디럭스(오션뷰_재즈_호텔형) | D50: 207000 | E50: 207000 | F50: 207000 | G50: 207000 | H50: 311000 | I50: 311000 | J50: 207000 | K50: 207000 | L50: 207000 | M50: 207000 | N50: 207000 | O50: 216000 | P50: 296000 | Q50: 207000 | R50: 207000 | S50: 207000 | T50: 207000 | U50: 207000 | V50: 216000 | W50: 296000 | X50: 207000 | Y50: 207000 | Z50: 207000 | AA50: 207000 | AB50: 207000 | AC50: 216000 | AD50: 296000 | AE50: 207000 | AF50: 207000 | AG50: 207000
A51: 해운대 | B51: FAK | C51: 패밀리(키즈룸_원룸_호텔형) | D51: 167000 | E51: 167000 | F51: 167000 | G51: 167000 | H51: 271000 | I51: 271000 | J51: 167000 | K51: 167000 | L51: 167000 | M51: 167000 | N51: 167000 | O51: 176000 | P51: 256000 | Q51: 167000 | R51: 167000 | S51: 167000 | T51: 167000 | U51: 167000 | V51: 176000 | W51: 256000 | X51: 167000 | Y51: 167000 | Z51: 167000 | AA51: 167000 | AB51: 167000 | AC51: 176000 | AD51: 256000 | AE51: 167000 | AF51: 167000 | AG51: 167000
A52: 해운대 | B52: HTT | C52: 패밀리(시네마_원룸_호텔형) | D52: 152000 | E52: 152000 | F52: 152000 | G52: 152000 | H52: 256000 | I52: 256000 | J52: 152000 | K52: 152000 | L52: 152000 | M52: 152000 | N52: 152000 | O52: 161000 | P52: 241000 | Q52: 152000 | R52: 152000 | S52: 152000 | T52: 152000 | U52: 152000 | V52: 161000 | W52: 241000 | X52: 152000 | Y52: 152000 | Z52: 152000 | AA52: 152000 | AB52: 152000 | AC52: 161000 | AD52: 241000 | AE52: 152000 | AF52: 152000 | AG52: 152000
A53: 해운대 | B53: FAW | C53: 패밀리(워케이션_원룸_호텔형) | D53: 152000 | E53: 152000 | F53: 152000 | G53: 152000 | H53: 256000 | I53: 256000 | J53: 152000 | K53: 152000 | L53: 152000 | M53: 152000 | N53: 152000 | O53: 161000 | P53: 241000 | Q53: 152000 | R53: 152000 | S53: 152000 | T53: 152000 | U53: 152000 | V53: 161000 | W53: 241000 | X53: 152000 | Y53: 152000 | Z53: 152000 | AA53: 152000 | AB53: 152000 | AC53: 161000 | AD53: 241000 | AE53: 152000 | AF53: 152000 | AG53: 152000
A54: 해운대 | B54: RYL | C54: 로얄(오션뷰) | D54: 250000 | E54: 250000 | F54: 250000 | G54: 250000 | H54: 412000 | I54: 412000 | J54: 250000 | K54: 250000 | L54: 250000 | M54: 250000 | N54: 250000 | O54: 264000 | P54: 387000 | Q54: 250000 | R54: 250000 | S54: 250000 | T54: 250000 | U54: 250000 | V54: 264000 | W54: 387000 | X54: 250000 | Y54: 250000 | Z54: 250000 | AA54: 250000 | AB54: 250000 | AC54: 264000 | AD54: 387000 | AE54: 250000 | AF54: 250000 | AG54: 250000
A55: 해운대 | B55: RYH | C55: 로얄(힐링룸) | D55: 280000 | E55: 280000 | F55: 280000 | G55: 280000 | H55: 442000 | I55: 442000 | J55: 280000 | K55: 280000 | L55: 280000 | M55: 280000 | N55: 280000 | O55: 294000 | P55: 417000 | Q55: 280000 | R55: 280000 | S55: 280000 | T55: 280000 | U55: 280000 | V55: 294000 | W55: 417000 | X55: 280000 | Y55: 280000 | Z55: 280000 | AA55: 280000 | AB55: 280000 | AC55: 294000 | AD55: 417000 | AE55: 280000 | AF55: 280000 | AG55: 280000
A56: 영업장명 | B56: 객실타입 | C56: 객실명 | D56: 46174 | E56: 46175 | F56: 46176 | G56: 46177 | H56: 46178 | I56: 46179 | J56: 46180 | K56: 46181 | L56: 46182 | M56: 46183 | N56: 46184 | O56: 46185 | P56: 46186 | Q56: 46187 | R56: 46188 | S56: 46189 | T56: 46190 | U56: 46191 | V56: 46192 | W56: 46193 | X56: 46194 | Y56: 46195 | Z56: 46196 | AA56: 46197 | AB56: 46198 | AC56: 46199 | AD56: 46200 | AE56: 46201 | AF56: 46202 | AG56: 46203
D57: =D56 -> 46174 | E57: =E56 -> 46175 | F57: =F56 -> 46176 | G57: =G56 -> 46177 | H57: =H56 -> 46178 | I57: =I56 -> 46179 | J57: =J56 -> 46180 | K57: =K56 -> 46181 | ... AG57: =AG56 -> 46203
D58: 봄 비수기 월요일 | E58: 봄 비수기 화요일 | F58: 봄 비수기 수요일 | G58: 봄 비수기 목요일 | H58: 봄 극성수기 연휴 | I58: 봄 극성수기 연휴 | J58: 봄 비수기 일요일 | K58: 봄 비수기 월요일 | L58: 봄 비수기 화요일 | M58: 봄 비수기 수요일 | N58: 봄 비수기 목요일 | O58: 봄 비수기 준주말 | P58: 봄 비수기 주말 | Q58: 봄 비수기 일요일 | R58: 봄 비수기 월요일 | S58: 봄 비수기 화요일 | T58: 봄 비수기 수요일 | U58: 봄 비수기 목요일 | V58: 봄 비수기 준주말 | W58: 봄 비수기 주말 | X58: 봄 비수기 일요일 | Y58: 봄 비수기 월요일 | Z58: 봄 비수기 화요일 | AA58: 봄 비수기 수요일 | AB58: 봄 비수기 목요일 | AC58: 봄 비수기 준주말 | AD58: 봄 비수기 주말 | AE58: 봄 비수기 일요일 | AF58: 봄 비수기 월요일 | AG58: 봄 비수기 화요일
A59: 대천 파로스 | B59: FAM | C59: 디럭스 | D59: 125000 | E59: 125000 | F59: 125000 | G59: 125000 | H59: 236000 | I59: 236000 | J59: 125000 | K59: 125000 | L59: 125000 | M59: 125000 | N59: 125000 | O59: 144000 | P59: 212000 | Q59: 125000 | R59: 125000 | S59: 125000 | T59: 125000 | U59: 125000 | V59: 144000 | W59: 212000 | X59: 125000 | Y59: 125000 | Z59: 125000 | AA59: 125000 | AB59: 125000 | AC59: 144000 | AD59: 212000 | AE59: 125000 | AF59: 125000 | AG59: 125000
A60: 대천 파로스 | B60: DTL | C60: 디럭스(호텔형) | D60: 125000 | E60: 125000 | F60: 125000 | G60: 125000 | H60: 236000 | I60: 236000 | J60: 125000 | K60: 125000 | L60: 125000 | M60: 125000 | N60: 125000 | O60: 144000 | P60: 212000 | Q60: 125000 | R60: 125000 | S60: 125000 | T60: 125000 | U60: 125000 | V60: 144000 | W60: 212000 | X60: 125000 | Y60: 125000 | Z60: 125000 | AA60: 125000 | AB60: 125000 | AC60: 144000 | AD60: 212000 | AE60: 125000 | AF60: 125000 | AG60: 125000
A61: 대천 파로스 | B61: FAQ | C61: 디럭스(오션뷰) | D61: 165000 | E61: 165000 | F61: 165000 | G61: 165000 | H61: 276000 | I61: 276000 | J61: 165000 | K61: 165000 | L61: 165000 | M61: 165000 | N61: 165000 | O61: 184000 | P61: 252000 | Q61: 165000 | R61: 165000 | S61: 165000 | T61: 165000 | U61: 165000 | V61: 184000 | W61: 252000 | X61: 165000 | Y61: 165000 | Z61: 165000 | AA61: 165000 | AB61: 165000 | AC61: 184000 | AD61: 252000 | AE61: 165000 | AF61: 165000 | AG61: 165000
A62: 대천 파로스 | B62: DHQ | C62: 디럭스(호텔형_오션뷰) | D62: 165000 | E62: 165000 | F62: 165000 | G62: 165000 | H62: 276000 | I62: 276000 | J62: 165000 | K62: 165000 | L62: 165000 | M62: 165000 | N62: 165000 | O62: 184000 | P62: 252000 | Q62: 165000 | R62: 165000 | S62: 165000 | T62: 165000 | U62: 165000 | V62: 184000 | W62: 252000 | X62: 165000 | Y62: 165000 | Z62: 165000 | AA62: 165000 | AB62: 165000 | AC62: 184000 | AD62: 252000 | AE62: 165000 | AF62: 165000 | AG62: 165000
A63: 대천 파로스 | B63: PO1 | C63: 디럭스(뽀로로 MAKE) | D63: 140000 | E63: 140000 | F63: 140000 | G63: 140000 | H63: 251000 | I63: 251000 | J63: 140000 | K63: 140000 | L63: 140000 | M63: 140000 | N63: 140000 | O63: 159000 | P63: 227000 | Q63: 140000 | R63: 140000 | S63: 140000 | T63: 140000 | U63: 140000 | V63: 159000 | W63: 227000 | X63: 140000 | Y63: 140000 | Z63: 140000 | AA63: 140000 | AB63: 140000 | AC63: 159000 | AD63: 227000 | AE63: 140000 | AF63: 140000 | AG63: 140000
A64: 대천 파로스 | B64: PO2 | C64: 디럭스(뽀로로 READ) | D64: 140000 | E64: 140000 | F64: 140000 | G64: 140000 | H64: 251000 | I64: 251000 | J64: 140000 | K64: 140000 | L64: 140000 | M64: 140000 | N64: 140000 | O64: 159000 | P64: 227000 | Q64: 140000 | R64: 140000 | S64: 140000 | T64: 140000 | U64: 140000 | V64: 159000 | W64: 227000 | X64: 140000 | Y64: 140000 | Z64: 140000 | AA64: 140000 | AB64: 140000 | AC64: 159000 | AD64: 227000 | AE64: 140000 | AF64: 140000 | AG64: 140000
A65: 대천 파로스 | B65: PO5 | C65: 디럭스(뽀로로 PEEKABOO) | D65: 140000 | E65: 140000 | F65: 140000 | G65: 140000 | H65: 251000 | I65: 251000 | J65: 140000 | K65: 140000 | L65: 140000 | M65: 140000 | N65: 140000 | O65: 159000 | P65: 227000 | Q65: 140000 | R65: 140000 | S65: 140000 | T65: 140000 | U65: 140000 | V65: 159000 | W65: 227000 | X65: 140000 | Y65: 140000 | Z65: 140000 | AA65: 140000 | AB65: 140000 | AC65: 159000 | AD65: 227000 | AE65: 140000 | AF65: 140000 | AG65: 140000
A66: 대천 파로스 | B66: DLC | C66: 디럭스(시네마_원룸_호텔형) | D66: 175000 | E66: 175000 | F66: 175000 | G66: 175000 | H66: 286000 | I66: 286000 | J66: 175000 | K66: 175000 | L66: 175000 | M66: 175000 | N66: 175000 | O66: 194000 | P66: 262000 | Q66: 175000 | R66: 175000 | S66: 175000 | T66: 175000 | U66: 175000 | V66: 194000 | W66: 262000 | X66: 175000 | Y66: 175000 | Z66: 175000 | AA66: 175000 | AB66: 175000 | AC66: 194000 | AD66: 262000 | AE66: 175000 | AF66: 175000 | AG66: 175000
A67: 대천 파로스 | B67: SUI | C67: 스위트 | D67: 158000 | E67: 158000 | F67: 158000 | G67: 158000 | H67: 283000 | I67: 283000 | J67: 158000 | K67: 158000 | L67: 158000 | M67: 158000 | N67: 158000 | O67: 191000 | P67: 255000 | Q67: 158000 | R67: 158000 | S67: 158000 | T67: 158000 | U67: 158000 | V67: 191000 | W67: 255000 | X67: 158000 | Y67: 158000 | Z67: 158000 | AA67: 158000 | AB67: 158000 | AC67: 191000 | AD67: 255000 | AE67: 158000 | AF67: 158000 | AG67: 158000
A68: 대천 파로스 | B68: SHI | C68: 스위트(호텔형) | D68: 158000 | E68: 158000 | F68: 158000 | G68: 158000 | H68: 283000 | I68: 283000 | J68: 158000 | K68: 158000 | L68: 158000 | M68: 158000 | N68: 158000 | O68: 191000 | P68: 255000 | Q68: 158000 | R68: 158000 | S68: 158000 | T68: 158000 | U68: 158000 | V68: 191000 | W68: 255000 | X68: 158000 | Y68: 158000 | Z68: 158000 | AA68: 158000 | AB68: 158000 | AC68: 191000 | AD68: 255000 | AE68: 158000 | AF68: 158000 | AG68: 158000
A69: 대천 파로스 | B69: SUQ | C69: 스위트(오션뷰) | D69: 198000 | E69: 198000 | F69: 198000 | G69: 198000 | H69: 323000 | I69: 323000 | J69: 198000 | K69: 198000 | L69: 198000 | M69: 198000 | N69: 198000 | O69: 231000 | P69: 295000 | Q69: 198000 | R69: 198000 | S69: 198000 | T69: 198000 | U69: 198000 | V69: 231000 | W69: 295000 | X69: 198000 | Y69: 198000 | Z69: 198000 | AA69: 198000 | AB69: 198000 | AC69: 231000 | AD69: 295000 | AE69: 198000 | AF69: 198000 | AG69: 198000
A70: 대천 파로스 | B70: SHQ | C70: 스위트(호텔형_오션뷰) | D70: 198000 | E70: 198000 | F70: 198000 | G70: 198000 | H70: 323000 | I70: 323000 | J70: 198000 | K70: 198000 | L70: 198000 | M70: 198000 | N70: 198000 | O70: 231000 | P70: 295000 | Q70: 198000 | R70: 198000 | S70: 198000 | T70: 198000 | U70: 198000 | V70: 231000 | W70: 295000 | X70: 198000 | Y70: 198000 | Z70: 198000 | AA70: 198000 | AB70: 198000 | AC70: 231000 | AD70: 295000 | AE70: 198000 | AF70: 198000 | AG70: 198000
... A74: 영업장명 | B74: 객실타입 | C74: 객실명 | D74: 46174 | E74: 46175 | F74: 46176 | G74: 46177 | H74: 46178 | I74: 46179 | J74: 46180 | K74: 46181 | L74: 46182 | M74: 46183 | N74: 46184 | O74: 46185 | P74: 46186 | Q74: 46187 | R74: 46188 | S74: 46189 | T74: 46190 | U74: 46191 | V74: 46192 | W74: 46193 | X74: 46194 | Y74: 46195 | Z74: 46196 | AA74: 46197 | AB74: 46198 | AC74: 46199 | AD74: 46200 | AE74: 46201 | AF74: 46202 | AG74: 46203
D75: =D74 -> 46174 | E75: =E74 -> 46175 | F75: =F74 -> 46176 | G75: =G74 -> 46177 | H75: =H74 -> 46178 | I75: =I74 -> 46179 | J75: =J74 -> 46180 | K75: =K74 -> 46181 | ... AG75: =AG74 -> 46203
D76: 봄 비수기 월요일 | E76: 봄 비수기 화요일 | F76: 봄 비수기 수요일 | G76: 봄 비수기 목요일 | H76: 봄 극성수기 연휴 | I76: 봄 극성수기 연휴 | J76: 봄 비수기 일요일 | K76: 봄 비수기 월요일 | L76: 봄 비수기 화요일 | M76: 봄 비수기 수요일 | N76: 봄 비수기 목요일 | O76: 봄 비수기 준주말 | P76: 봄 비수기 주말 | Q76: 봄 비수기 일요일 | R76: 봄 비수기 월요일 | S76: 봄 비수기 화요일 | T76: 봄 비수기 수요일 | U76: 봄 비수기 목요일 | V76: 봄 비수기 준주말 | W76: 봄 비수기 주말 | X76: 봄 비수기 일요일 | Y76: 봄 비수기 월요일 | Z76: 봄 비수기 화요일 | AA76: 봄 비수기 수요일 | AB76: 봄 비수기 목요일 | AC76: 봄 비수기 준주말 | AD76: 봄 비수기 주말 | AE76: 봄 비수기 일요일 | AF76: 봄 비수기 월요일 | AG76: 봄 비수기 화요일
A77: 경주 에톤 | B77: FAM | C77: 디럭스 | D77: 142000 | E77: 142000 | F77: 142000 | G77: 142000 | H77: 236000 | I77: 236000 | J77: 142000 | K77: 142000 | L77: 142000 | M77: 142000 | N77: 142000 | O77: 164000 | P77: 212000 | Q77: 142000 | R77: 142000 | S77: 142000 | T77: 142000 | U77: 142000 | V77: 164000 | W77: 212000 | X77: 142000 | Y77: 142000 | Z77: 142000 | AA77: 142000 | AB77: 142000 | AC77: 164000 | AD77: 212000 | AE77: 142000 | AF77: 142000 | AG77: 142000
A78: 경주 에톤 | B78: HTL | C78: 디럭스(호텔형) | D78: 142000 | E78: 142000 | F78: 142000 | G78: 142000 | H78: 236000 | I78: 236000 | J78: 142000 | K78: 142000 | L78: 142000 | M78: 142000 | N78: 142000 | O78: 164000 | P78: 212000 | Q78: 142000 | R78: 142000 | S78: 142000 | T78: 142000 | U78: 142000 | V78: 164000 | W78: 212000 | X78: 142000 | Y78: 142000 | Z78: 142000 | AA78: 142000 | AB78: 142000 | AC78: 164000 | AD78: 212000 | AE78: 142000 | AF78: 142000 | AG78: 142000
A79: 영업장명 | B79: 객실타입 | C79: 객실명 | D79: 46174 | E79: 46175 | F79: 46176 | G79: 46177 | H79: 46178 | I79: 46179 | J79: 46180 | K79: 46181 | L79: 46182 | M79: 46183 | N79: 46184 | O79: 46185 | P79: 46186 | Q79: 46187 | R79: 46188 | S79: 46189 | T79: 46190 | U79: 46191 | V79: 46192 | W79: 46193 | X79: 46194 | Y79: 46195 | Z79: 46196 | AA79: 46197 | AB79: 46198 | AC79: 46199 | AD79: 46200 | AE79: 46201 | AF79: 46202 | AG79: 46203
D80: =D79 -> 46174 | E80: =E79 -> 46175 | F80: =F79 -> 46176 | G80: =G79 -> 46177 | H80: =H79 -> 46178 | I80: =I79 -> 46179 | J80: =J79 -> 46180 | K80: =K79 -> 46181 | ... AG80: =AG79 -> 46203
